INVOICE_ID,REQUISITION_NUMBER
14312,233
14327,234
14477,42
14345,253
14324,254
14346,253
14358,260
14365,260
14367,260
14467,276
15945,303
14449,284
15971,290
15954,293
15988,334
23401,321
14582,336
23370,348
10401,172
12145,172
7908,175
16113,23
14479,33
9368,212
12166,213
12158,213
23410,210
12146,211
14471,236
14369,262
14374,262
14377,264
14383,264
14385,265
14403,267
14404,267
14407,267
14409,267
14335,268
14414,269
14419,269
14340,269
14420,271
14427,271
1902259,18250
4225,2
4015,8
4010,13
2030,17
4228,22
4229,23
4222,29
4271,53
4273,57
4281,62
7010,65
4276,43
4218,46
4018,48
7045,71
7008,76
7042,85
6492,99
7019,104
7024,102
7920,110
7022,114
9223,116
7035,128
7023,122
9233,8
7897,146
14323,167
29429,662
29427,662
29418,669
31013,674
35056,687
35060,687
35051,131
35057,703
42014,715
42025,718
42024,735
42039,726
42054,737
42063,737
42186,840
44784,841
44754,819
44757,822
44779,846
47490,850
46214,199
46216,874
48024,890
47504,858
47505,859
46222,879
23409,498
20610,502
23377,507
23369,507
23372,511
22177,514
23396,512
24014,523
24016,523
23423,538
24059,540
24061,540
24076,546
24080,546
24085,571
24088,571
17408,397
19373,76
23399,422
18024,71
18022,71
19360,414
19370,422
19398,428
19362,430
19366,433
21143,443
21265,445
21159,446
21162,446
21173,447
21181,449
21189,449
21195,449
21199,449
21204,449
21208,449
21210,449
21219,451
21235,451
21236,451
21242,451
21244,451
21254,451
21260,451
21269,451
21271,453
21277,455
21279,460
21304,469
21306,469
21314,470
21340,471
21341,471
23393,97
21288,473
21371,479
23425,483
21369,492
22166,494
43021,150
43015,755
42118,760
44731,765
42090,156
43025,158
42083,161
42125,784
42126,791
44334,798
44746,811
44762,4
44740,835
44741,836
27046,596
27124,599
27125,602
42030,613
30184,617
30185,619
42031,628
30050,118
27054,637
30192,643
44727,653
16060,341
16065,342
16072,342
16074,342
16076,342
17319,345
17323,345
17324,345
17322,345
17331,346
17341,347
16112,55
14740,358
14741,359
16115,67
17367,374
17374,374
17387,375
17393,375
17397,377
17427,379
17411,380
23387,383
19358,389
17416,393
17422,395
73146,275
73129,1305
68555,1313
69084,1312
69202,1311
73114,1319
68569,1322
69097,1334
72026,1335
73113,1345
74549,1346
72030,1361
73228,1362
72034,1373
73227,1375
62254,1201
63072,1220
65114,1223
65116,1252
67218,1266
67212,1267
67172,1271
73136,1279
67217,1285
78172,1517
76857,1527
82327,1535
76852,1564
82352,1587
82348,1596
82339,1600
82343,328
82342,329
82335,1602
82328,1603
82315,1578
83157,1613
53031,1014
54027,1008
54715,1027
54710,1038
63029,1055
63032,1072
59041,1093
61026,238
59055,1107
59035,1102
66494,1110
61028,240
61029,241
61271,1129
62084,1141
62247,1169
62246,1170
62085,1186
68144,1193
48042,206
51018,943
52029,214
51048,215
51052,971
56027,969
56029,978
74471,1401
74474,1404
74475,1407
74576,1411
74492,1414
74550,1432
74496,1433
74546,1438
73649,1455
78156,1463
76156,1459
76165,1481
77154,1484
79192,1522
78182,1503
78160,1513
78167,1515
83162,1626
84255,1637
84254,1638
84251,1642
84258,339
88174,1665
88181,1666
88172,1671
88182,1678
88183,1670
128198,2350
128408,2355
128422,2366
130174,2384
128416,2368
128418,2372
136247,2418
136181,2425
136164,2431
153206,2435
134524,2436
133352,2398
139190,458
144161,2407
118184,2204
119427,2217
123154,2244
124193,2270
121429,2234
121168,2235
121175,2255
123155,2260
121243,2263
124205,2278
128177,2281
128163,2297
128181,2311
128176,2317
128210,447
128178,2330
128193,2338
110198,2110
110197,2111
110195,2112
113161,2115
113185,422
113187,424
113177,2135
113169,2163
113180,2156
117161,2166
117156,2177
115471,2168
115467,2179
118178,2182
115463,2198
118186,431
115473,2202
118217,2208
119423,2209
115469,2187
115536,2197
103519,1992
103522,1995
103546,2001
104155,2011
105418,2020
106377,410
106404,2051
107154,2054
107155,2054
110156,2073
110182,2074
110202,2087
110200,2089
110161,2093
110159,2095
91170,1684
91167,1706
91175,1713
91183,1729
96262,1743
96227,1746
92157,1747
101255,1752
96234,1762
96233,1763
96230,1766
96249,1789
96250,1789
97154,1819
100159,1836
100520,1852
100521,1863
100523,1868
103539,379
101278,1908
102601,1909
101262,1914
103497,1927
103510,1929
101246,1931
101291,1951
103514,1955
103516,1969
105422,1981
201163,2844
201169,522
200171,2835
196158,2837
208158,2857
218327,526
218299,2874
212175,2875
212159,2889
218293,2907
218311,2934
218315,2923
218318,2937
218319,2939
218320,2940
219171,15
219164,2951
221161,2964
227167,2980
225157,2981
227208,538
227171,2988
227169,2984
227162,2999
225162,3003
227180,3004
227191,3021
229161,3045
227193,3026
184184,2747
184176,2763
188163,2767
191161,2777
189165,2779
200196,2797
200192,2810
200189,2819
200167,2824
201168,521
231177,17
231178,554
231176,3075
231165,3077
232558,3084
136159,2419
136160,2421
136163,2429
136250,2468
136252,2454
139154,2469
139176,2486
139179,2489
139164,2495
144158,2504
148159,2508
148173,473
148164,2524
146165,2528
148166,2531
153211,2548
149159,2550
155164,2576
155161,2578
153205,2570
157160,2595
157163,2600
160164,2629
162169,487
163163,490
161177,2618
161171,2624
161176,2625
163159,2627
162157,2638
161161,2634
161173,2641
173170,2652
165159,2669
173158,2674
173159,2677
170161,2676
170168,498
170163,2690
184161,2717
173169,2709
184166,2711
250756,3442
250768,608
250741,3451
253654,3468
253684,3503
253673,3505
253657,3491
253690,3513
253674,3530
253666,3533
247709,3331
248639,3340
248613,3345
248614,3347
249557,3355
249679,3356
249562,3363
249659,3366
249661,3370
249570,3394
250722,3399
249583,602
249673,3406
253648,3434
250771,613
250772,614
252233,615
257167,3610
260497,3616
259171,3627
258229,633
258227,633
260520,3637
260498,3641
260507,3629
260509,3640
260513,3651
263161,639
263163,641
263165,643
265170,3678
275159,3681
275164,3690
275179,646
245018,3228
247159,3250
246654,3251
246652,3255
246655,3259
246669,3264
247689,3273
247677,3295
247666,3306
247669,3314
247686,3316
247697,3324
232567,3101
232577,3111
232582,3113
241690,3136
241692,3138
241687,3134
245237,3148
245239,3152
245243,3156
244921,3168
244932,3159
244935,3162
245235,3205
245246,3206
245012,3214
246173,570
252228,3540
256471,3545
256166,3551
256180,3553
256183,3567
256168,3568
256482,625
256485,3587
258165,3596
298159,3919
298173,3920
298160,3921
298161,3922
298168,3932
298169,3933
299161,3957
303162,3957
299160,3957
298199,686
298180,3974
298186,3976
304179,3993
304180,4002
304176,4007
304169,4008
306166,4010
275174,3712
275175,3712
275177,3712
279187,3747
279164,3722
279162,3737
279159,3741
279161,3746
279202,3759
279192,3778
279195,3782
279197,3784
283184,3805
283206,3809
283205,3810
283211,26
283172,3831
283214,3831
303181,4026
312160,4059
309188,4037
309171,4043
309192,4046
309200,4051
309159,4050
309226,4071
309236,693
309224,4075
309239,687
289162,3842
289160,3864
289175,3872
289168,3859
291160,3893
294164,3903
294176,3912
327170,4247
327232,728
329162,4300
329160,4303
332160,4310
347174,4342
341162,4334
341165,4336
341176,740
347198,756
347165,4372
342171,4360
347184,4361
348169,4399
327226,718
327212,4173
327177,4182
320189,4189
317235,4169
320175,4176
320184,4184
327181,4236
328167,4245
327162,4274
347200,4408
348162,4418
352174,764
349159,4437
356372,4442
356357,4471
356391,4497
355458,776
309231,4092
309229,4094
312161,4098
328166,4124
317220,4143
317222,4145
320170,4130
403456,4909
403458,4909
406186,4916
406175,839
406184,4913
406188,4919
406191,4924
416187,4969
415174,4990
416174,4968
416191,4984
424180,5011
423169,5020
425167,5023
425165,5028
423163,5030
424165,5036
430200,848
424171,5039
430208,854
430191,5057
430166,5061
430168,5064
430172,5069
430176,5084
440159,5107
366188,4595
366219,4604
366187,4586
366205,4602
368165,790
366204,4614
366226,4619
366227,4620
370162,4628
370163,4629
372167,4642
374167,4648
370159,4660
379208,4661
374162,4668
375166,4683
447169,5160
447173,5154
447175,5156
447171,5163
474191,880
453167,5171
474173,5177
474174,5178
474175,5178
474190,885
474192,881
474193,882
489238,890
489242,894
489177,5200
377163,4691
382159,4696
381159,4696
376160,4697
379213,806
381174,4715
377169,4715
377173,4715
377177,4715
382165,4743
380169,4725
379220,4736
379228,4738
382164,4738
384164,4755
393177,4768
397267,4760
393169,4787
393161,4793
403393,4797
397291,4803
356371,4483
355425,4487
355437,4512
356397,4527
356399,4538
355439,4519
355470,4534
355472,4539
366206,4547
361163,4552
366184,4556
366212,4558
366191,4560
366192,4561
366173,4571
366169,4578
366233,782
393165,4816
397286,4817
397295,4820
400160,4831
400162,4832
403381,4835
403375,4841
403437,4888
645173,6054
645211,65
616173,5944
619166,5933
631189,15
620204,16
666172,28
621169,5969
627166,5997
631183,6004
487249,5379
516168,5425
505173,5439
512189,902
516173,5468
778238,5472
512201,930
512205,940
524217,5485
524185,5504
512196,911
512197,917
535167,5476
512187,5524
540195,956
512179,5523
535166,5526
524166,5527
540189,958
524192,5529
524204,5552
524209,5555
524228,969
481167,5251
479259,5255
489225,5276
479258,5277
489230,5282
489215,5289
479272,5264
479267,5291
489233,5309
482166,5322
489174,5346
489221,5352
572166,5681
562170,981
562168,982
560171,5683
570166,983
567177,983
567184,989
567176,990
586166,5715
607188,5722
587166,5731
601193,5737
628227,6014
631177,6023
631172,6027
645171,6042
646167,6046
1023230,1040
601183,5757
607196,5761
601174,5786
616176,5809
607180,5841
616214,1017
616182,5857
616206,5864
616208,5869
616209,5870
620167,5872
620172,5898
620196,1021
620174,5905
524219,5571
524220,5575
778231,5584
524168,5585
524175,5592
527189,5599
527168,5607
540178,5619
704175,6254
708175,6400
708199,6431
705166,6418
705174,6420
709182,6442
710171,6502
710178,6486
710169,6492
719173,6516
747204,6668
747202,6670
747200,6672
747237,6678
747233,6692
747185,6694
747273,6706
752233,157
665207,1052
646176,6086
708183,6103
665177,6109
665214,1059
646170,6114
665227,94
665210,1063
667167,6156
665167,6176
666167,6184
673170,6195
684193,6204
684192,6205
677179,111
677182,112
677170,6222
677181,115
678169,6227
684169,6232
684180,6233
704169,6238
704168,6239
684202,1071
737191,1095
737186,6552
738192,6584
738171,6587
738175,6594
737175,6614
747225,6623
810170,6632
810173,6632
747209,6663
747268,1102
747270,1104
752173,6630
684187,6271
752359,126
684185,6265
684176,6274
684167,6289
704195,6313
685166,6295
705168,6298
705171,6306
704166,6318
698166,6327
704184,6332
708172,6363
704203,6374
704205,6377
704206,6378
704167,6389
760181,6836
760193,166
760185,168
759195,1119
760174,6851
768177,6856
759193,6848
768173,6906
774174,6903
768168,6912
759198,6708
747184,6729
778232,6730
778224,6997
778208,7002
778223,7010
778225,7040
785166,1138
778200,7049
778267,7061
781175,7063
778269,7067
781181,7093
782184,7103
782205,193
781187,7112
781189,7120
781212,7136
781201,7140
781207,7144
786175,7170
794207,199
794208,200
790167,7173
790169,7178
790168,7179
786172,7185
786167,7189
794183,7182
794185,7182
794186,7182
794193,7182
790206,7195
794197,7198
794180,7217
803223,205
790210,1151
803199,7233
796166,7261
790174,7242
790173,7243
794171,7253
796181,7268
803172,7289
803204,7291
803182,7292
803185,7301
803201,7295
759188,6745
752191,6755
752177,6757
747262,6763
760169,6770
760170,6771
752179,6766
752213,6781
752207,6790
752204,6791
752208,6793
752168,6800
752175,6801
752226,1116
759179,6831
770181,6914
769173,6926
769167,6927
774207,1125
770173,6948
770170,6950
769170,6947
1415363,179
778257,179
778203,6984
833177,7570
803208,7297
803210,7297
803206,7318
803215,7327
803186,7348
805175,1166
805176,1167
805178,1169
803217,7381
803218,7382
811573,7398
817167,7410
825176,7416
825198,217
825187,7431
825173,7440
833191,7600
837168,7610
837176,7622
837175,7625
845168,7627
839169,7647
844170,7651
844175,7653
845171,7655
844188,7656
844198,7672
845172,24
845173,25
844194,7688
849502,7691
844187,7697
849480,7701
849518,1198
1008173,1201
849459,7715
849473,7717
850171,7719
828202,7447
828208,7447
828220,7450
828216,7450
828215,7450
825206,7452
828173,7465
828181,7481
828245,7486
828251,7497
828262,1180
828257,7508
828188,7538
833181,7543
833212,224
862192,7841
862252,1215
862254,1217
862227,7848
865170,283
872188,7873
869170,7886
872180,7890
872182,7892
871347,7929
871338,7935
871344,7941
876235,40
876203,7958
876191,7963
876227,1229
876205,7974
876176,7980
876231,1231
922475,8119
922480,53
923173,8125
932629,8128
876190,7993
876187,7996
896175,8006
896178,8012
896182,1240
913476,302
895179,8013
895177,8015
910209,8031
910175,8045
910220,312
910191,8060
910232,47
910195,8087
913475,8094
922476,8101
922469,8103
922477,8106
932628,8121
849501,7720
849469,7735
849466,7738
849487,7739
849490,7739
851170,7758
862247,1208
861292,7789
855202,258
862176,7797
862197,7798
862219,7798
855174,7806
854177,7814
862182,7830
872172,7907
871355,7912
872202,1220
872203,1221
876223,1223
932609,8135
932591,8159
932623,8161
932598,8163
958494,1300
958444,8573
958429,8575
958539,8579
958528,8590
932641,1251
932586,8175
938382,8211
938383,8212
938374,8223
938372,8224
945427,8225
953337,8354
953342,8359
953343,8360
948265,361
953299,8384
953297,8385
948262,75
948256,8379
953363,1271
953377,366
965172,8614
965189,8617
964380,8630
965199,8631
965182,8634
965177,8637
966836,395
965228,397
965232,399
965187,8642
956639,8461
956635,8462
956655,77
958509,381
958465,8476
956648,8495
955745,8497
955749,8513
958427,8504
955743,8515
958489,8527
958439,8531
958473,8553
958487,8563
958448,8567
953304,8411
953333,8419
953311,8428
953309,8418
953355,8422
953369,369
953374,374
956640,8437
956614,8438
952789,8452
956618,8453
956649,8454
945486,1264
945408,8230
938406,8231
938392,8239
945457,8250
945439,8250
945491,338
945462,8256
945513,69
945518,8268
945494,345
945498,350
945516,70
945476,8291
945477,8292
945481,8300
945465,8306
945531,8305
945524,8314
945532,8317
944993,8335
944995,8341
948260,8345
965267,8671
966795,8685
965213,8683
964376,8692
965225,8693
977206,8840
977207,8843
977223,8837
983173,8854
995180,8877
1001187,8886
1001186,8893
1001175,8892
1003181,8898
1001191,425
1009245,427
1009246,428
1003185,8910
1001185,8914
1010171,437
1012524,9020
1012548,1353
1012549,440
1012533,9027
966794,8704
966824,8714
966778,8717
977262,405
978173,8781
977213,8782
1007171,8786
977245,1321
977242,8791
977234,8794
977250,1325
977260,415
977261,421
966783,8736
966842,1314
966837,404
1549769,14877
1549774,730
1549767,14880
1551783,1595
1549782,1600
1552789,1603
1552769,1606
1552785,14886
1553781,14894
1555869,1822
1431876,14234
1431885,567
1431891,1744
1481901,14440
1484760,14453
1490832,1425
1492764,14491
1492762,14479
1490823,14488
1551772,14924
1549781,14927
1553785,1617
1446765,14320
1446773,14333
1448760,14339
1448768,1351
1457759,14343
1449761,14346
1449762,14349
1457761,14354
1460880,14359
1462758,14361
1490792,1771
1481780,1398
1485760,1412
1490827,1432
1493758,14524
1496290,14528
1493770,1445
1234407,1521
1234408,1521
1234337,1521
1234364,1521
1234372,1521
1234373,1521
1234381,1521
1234427,1521
1234428,1521
1234431,1521
1234434,1521
1234438,1521
1234440,1521
1234446,1521
1234449,1521
1234272,319
1234293,11232
1235506,11263
1236039,11255
1234299,712
1234306,11274
1237340,725
1236040,11287
1282269,11878
1285246,11896
1282317,11912
1285251,11899
1285255,11904
1285261,11918
1282318,11923
1147288,10171
1145258,10172
1147711,588
1147291,10180
1147298,10195
1147702,10210
1147707,10235
1153247,10214
1106259,9878
1111250,1431
1118281,562
1118258,9894
1118260,9896
1113567,9901
1114307,9926
1114310,156
1126242,9939
1114292,9946
1114286,9949
1114295,9942
1114294,9951
1118282,572
1118273,565
1118277,569
1118265,9962
1154251,10243
1154260,10247
1152497,10257
1152506,176
1152741,10277
1152762,598
1159242,10288
1162531,10298
1162533,10315
1163246,10319
1163264,10330
1163267,10332
1163254,10344
1161280,605
1182402,10351
1182403,10352
1165256,1458
1163268,10366
1163262,10363
1064291,1409
1064276,9648
1064265,9659
1064269,9667
1064272,9677
1064282,9682
1065243,9689
1065246,9698
1071242,9705
1076243,9713
1076245,9715
1088253,9738
1088259,537
1183242,10593
1179242,10601
1183244,10606
1183281,195
1192242,10656
1200242,10678
1204346,10682
1200287,202
1200285,204
1200282,207
1200280,209
1200278,211
1200275,214
1200244,10686
1200256,10691
1204348,10695
1173242,10375
1164473,10377
1206269,224
1202255,10700
1200248,10699
1200462,10710
1016175,9102
1016208,9107
1016201,9111
1023228,9164
1023225,9168
1026229,9181
1170585,10401
1168250,10409
1168242,10430
1171278,10447
1250300,1548
1234269,1519
1168259,10418
1170601,10425
1171272,10434
1170589,10466
1171284,10470
1170595,10479
1171287,10482
1171286,10501
1172246,10522
1172252,10509
1190242,192
1177307,10549
1177303,10554
1183264,622
1183266,624
1210254,10827
1211258,230
1210263,10856
1210256,10859
1210266,10866
1212242,10882
1214252,237
1214255,240
1224249,10890
1214245,10889
1213580,10912
1217246,10932
1217255,10920
1218242,10949
1287254,11961
1290283,11964
1290277,11968
1287280,783
1290276,11996
1292255,12012
1298290,12017
1294257,12027
1296257,12030
1298292,373
1300249,12036
1294249,12058
1294255,12056
1300256,12060
1300263,789
1094258,9804
1094259,9805
1095249,1427
1099245,9817
1100249,9816
1102468,9830
1102473,9834
1102484,546
1102485,547
1102489,551
1241274,11468
1248249,11495
1251244,11500
1251246,11503
1249264,343
1249245,11524
1249260,11534
1249322,344
1250294,11556
1250295,11558
1249295,11560
1249327,1542
1249872,11622
1249869,11634
1249885,11641
1249888,11644
1252244,11669
1253245,11674
1253246,11675
1253255,11684
1255331,11718
1258250,11690
1039602,9380
1039599,9382
1039606,9389
1041250,9403
1041248,9409
1051243,9442
1046247,9445
1048250,9470
1048251,9473
1121246,9984
1121242,9970
1140242,9985
1121244,9987
1127242,10002
1132266,573
1132248,10005
1134272,10022
1132269,159
1130243,10031
1238251,11295
1237296,11333
1237334,11320
1237335,11326
1239784,11334
1237336,11337
1237342,11341
1239794,11345
1240274,11382
1241265,1531
1242331,728
1239804,11389
1241252,729
1241250,1533
1242359,734
1242341,11421
1242342,11422
1241264,11434
1306285,12074
1298287,12082
1304315,12094
1304314,12102
1300255,12087
1300261,12112
1303268,794
1303269,795
1303276,383
1304276,12141
1303263,12145
1304263,12160
1304270,12168
1304252,12178
1304295,12187
1304298,12203
1304299,12204
1304320,387
1306286,12225
1312728,12226
1313977,12237
1311247,12244
1311258,1578
1311268,12249
1234262,314
1234266,11220
1234316,1521
1234318,1521
1234320,1521
1234405,1521
1234355,1521
1325785,12577
1325793,12580
1326766,12584
1326767,12585
1326079,1602
1326774,1602
1325842,1602
1325841,1602
1325840,1602
1325834,1602
1325827,1602
1325902,1602
1325891,1602
1325888,1602
1325877,1602
1325874,1602
1325862,1602
1325927,1602
1325920,1602
1326002,1602
1326000,1602
1325995,1602
1325992,1602
1325991,1602
1325984,1602
1325965,1602
1325957,1602
1318893,12426
1318834,12428
1318903,12433
1318840,1581
1318845,836
1318816,12475
1318818,12459
1318827,12471
1318901,12486
1320859,12497
1320860,12499
1320822,12506
1320826,12517
1320828,12520
1320847,12522
1320833,12527
1320834,12528
1321766,12545
1314775,12264
1313746,12283
1312722,12291
1317266,12304
1313981,12306
1314012,1580
1313741,12297
1313984,12299
1317278,818
1313734,12320
1330854,855
1330828,12764
1330800,12767
1330760,12791
1330269,12799
1330267,12803
1331759,12809
1325804,12614
1326057,12638
1326059,12643
1325781,12626
1360800,12910
1365774,12935
1033268,9206
1031246,9208
1031248,464
1031256,470
1030229,9218
1031258,9224
1031253,473
1033274,1376
1033247,9228
1033248,9229
1035253,1377
1034248,9244
1033246,9248
1035248,9300
1039477,475
1034260,9298
1336760,12821
1325949,1602
1325947,1602
1325935,1602
1326052,1602
1326033,1602
1326027,1602
1326025,1602
1326008,1602
1328798,1611
1328799,1612
1325774,12597
1375763,13118
1378760,13131
1378757,13136
1378758,13137
1314007,12342
1414450,1041
1414760,522
1414447,13776
1416031,1706
1347757,12841
1360798,12861
1359771,1636
1394306,13456
1394181,13457
1394334,13459
1394187,13474
1394311,13483
1394310,13488
1394325,13492
1394340,959
1394332,13499
1394333,13500
1397758,13494
1328762,12652
1330762,12655
1330786,12669
1328775,12674
1328778,12685
1328788,12696
1328782,12698
1330776,12713
1328805,429
1440824,14277
1440822,14288
1440892,14300
1440829,14302
1440891,14305
1440889,14306
1440898,1343
1446769,14309
1446770,14311
1446761,14316
1366908,13017
1366954,1651
1369771,1652
1369769,13041
1375759,13047
1370760,13054
1370764,13049
1371775,13057
1368760,902
1369770,13060
1369773,905
1369782,908
1369777,910
1369759,13079
1369764,13085
1371759,13103
1370762,13102
1371761,13104
1373760,13108
1372757,13111
1417778,13877
1417776,13879
1416765,13892
1416808,13889
1417771,13905
1417772,13906
1417760,13923
1417799,1711
1416809,13943
1420768,538
1421972,1112
1421064,13957
1421083,1114
1407032,13531
1407033,13532
1407038,13537
1401768,13537
1401767,13538
1399771,13540
1399773,13542
1406781,970
1408803,13560
1406768,13589
1406764,13591
1406786,13597
1407047,979
1408042,13604
1408051,13613
1408791,984
1408784,986
1408775,13637
1408787,990
1408799,13649
1505765,14597
1505766,1471
1505771,1472
1506870,14605
1506871,14607
1516766,14610
1518769,14632
1518767,14634
1518782,14636
1520000,591
1516786,1784
1380981,13143
1380983,13237
1382042,13265
1382052,13272
1380991,918
1382054,13285
1382056,483
1382128,13287
1382208,13293
1382127,13313
1386758,13330
1386757,13332
1387778,13349
1387780,13360
1387800,1675
1389759,13364
1387819,492
1387811,13372
1421093,14003
1421143,14027
1421103,14030
1421136,14035
1527916,14724
1527759,14736
1527758,14752
1527768,1529
1524892,14748
1527912,14766
1530766,14779
1530765,14781
1533766,14783
1411796,1015
1412759,13711
1414435,1018
1411797,1024
1414410,13748
1411801,13751
1414415,13733
1414433,1032
1466765,1366
1481772,14398
1479768,1372
1476793,14401
1476794,14402
1476796,14405
1481767,14411
1481774,14412
1482763,14424
1604936,15483
1607816,1899
1604924,1901
1604927,1905
1604914,15501
1604939,15502
1613086,15625
1613114,1981
1607392,1916
1607384,1902
1607380,15521
1604953,1931
1607810,1924
1607811,1935
1607425,1934
1607803,15534
1608771,1938
1608989,15545
1564775,15026
1563808,740
1563800,15034
1566767,15035
1566774,1676
1566784,1677
1566769,15044
1568772,1684
1570118,1692
1570116,15052
1570110,15055
1570111,15061
1570108,15065
1574012,1705
1574111,15086
1576767,15090
1582777,15100
1582770,15113
1609052,15570
1613926,15573
1613933,15576
1613056,15668
1613054,15672
1613132,815
1429778,1265
1429782,1269
1426841,14162
1429018,1273
1429242,1278
1435813,14200
1435816,14203
1435817,14205
1431881,14194
1438900,14211
1435837,14214
1434064,565
1360760,12873
1360802,1640
1360768,12889
1360810,451
1360769,12892
1360787,12908
1613099,15580
1613049,15599
1613929,15588
1613060,15610
1613928,15604
1613925,15611
1612772,15612
1613943,802
1613109,1960
1613100,15631
1615043,1965
1613081,15620
1048276,9450
1052536,9459
1048274,9485
1048285,9487
1421152,1127
1421975,1131
1421075,546
1421962,13982
1421098,1722
1202243,10732
1204311,10784
1206250,10806
1213592,664
1318892,12351
1316010,12392
1314037,12370
1314793,12381
1317274,12404
1318902,12402
1317270,12407
1320850,12417
1320851,12421
1317283,407
1317284,408
1134268,1440
1249296,11590
1250281,11595
1255242,11597
1250283,11610
1253247,11611
1253248,11612
1253258,750
1253260,752
1250286,11604
1249298,11572
1249303,11575
1249306,11578
1249311,11583
1249320,11563
1421157,1118
1218252,257
1221244,10959
1220263,258
1222279,695
1221284,10980
1223244,10988
1221281,10989
1222266,10995
1225251,10999
1222420,11005
1222281,696
1222271,11014
1222422,11020
1222276,11023
1222428,11027
1222424,11029
1222268,11026
1222435,697
1222437,285
1222463,287
1222464,288
1224244,293
1224245,294
1232249,11086
1232267,11098
1234281,11099
1258245,11713
1255344,11719
1262256,756
1260245,354
1264254,11746
1264256,11748
1264257,11751
1262249,11755
1262257,357
1264248,11766
1272251,11771
1264247,11775
1264579,11778
1269247,11798
1270248,11825
1272248,11830
1272249,11832
1272253,11834
1271283,11845
1271278,11851
1271281,11843
1271274,11846
1273249,11858
1282267,11869
1311253,1573
1232306,302
1234256,699
1232295,11133
1232310,307
1234296,11147
1232270,11159
1230242,11154
1236042,11218
1234250,11221
1232281,11177
1232272,11187
1232283,11198
1232259,11201
1009255,110
1009199,8960
1009209,8962
1009189,8957
1009235,1336
1009231,1337
1009239,1339
1009240,1340
1009207,8970
1009211,8978
1009212,8984
1009213,8985
1009254,436
1009206,8991
1012496,9007
1134263,10053
1141243,10078
1141255,10080
1141258,10083
1141279,10118
1145262,575
1140248,10126
1141275,10135
1142490,165
1141282,10141
1145260,10145
1151243,10148
1147311,10147
1391878,13437
1394185,13447
1393801,13442
1403759,13444
1394184,13450
1393799,13452
1287263,11949
1290273,11951
1202251,10721
1202263,10723
1202264,10733
1421142,14040
1423811,1172
1421130,14046
1423831,555
1424878,14070
1426763,14072
1426764,14073
1424893,1198
1050279,499
1050256,9539
1050261,9557
1056265,506
1056263,508
1050267,9560
1050249,9566
1050263,9568
1051242,9570
1052548,9574
1052539,9579
1052551,9583
1052546,9589
1051251,9591
1051252,9592
1052555,9598
1052634,9616
1056269,523
1066245,9617
1056252,9618
1056255,9622
1056245,9641
1039280,1378
1035242,9326
1033367,9322
1039474,478
1039475,479
1035243,9340
1039278,9342
1036255,9347
1036246,9353
1037244,9362
1039471,9367
1330769,12737
1330795,12741
1330855,851
1330785,12773
1330840,1622
1330843,1626
1435839,14251
1435846,1309
1438903,14255
1436765,571
1438913,1319
1438759,14264
1438898,14268
1438764,575
1408798,13660
1411766,13671
1411764,13672
1411763,13686
1411771,1011
1411775,13698
1414416,13704
1411768,516
1048295,1398
1048253,9501
1048246,9493
1048245,9495
1048289,9499
1050270,9513
1050246,9527
1012525,9060
1012518,9062
1016193,9075
1016180,9079
1494775,14550
1498782,14557
1499765,14568
1496836,14575
1499769,14576
1499768,14583
1500908,14585
1415347,1707
1415767,1056
1415322,13814
1415327,13819
1415330,13822
1415333,13825
1415341,13833
1416015,13850
1417759,13859
1415773,530
1415966,1060
1416764,13869
1390798,952
1393760,13427
1026247,9199
1030236,1370
1088245,9742
1090245,9763
1095242,9768
1095245,1420
1094250,9787
1516787,1787
1518777,14644
1362764,12941
1363770,1647
1363763,12960
1365760,12973
1365771,12966
1366888,12997
1366892,13002
1366897,13010
1366912,12994
1372799,13013
1366914,13020
1515758,14641
1516782,14655
1518762,14663
1424881,1209
1425035,1211
1425030,14086
1425031,1219
1426844,1228
1426792,1739
1425027,14101
1425034,1225
1553772,14954
1555852,14964
1379757,13147
1379783,13148
1379769,466
1379774,472
1379775,473
1379793,13151
1379763,1658
1519993,1795
1518789,1503
1519972,14679
1518759,14683
1426834,14114
1426833,14115
1429767,14118
1426802,561
1426853,1257
1429790,1238
1426827,14144
1426828,14147
1426829,14149
1429774,1249
1426838,14159
1379765,1661
1379801,13162
1379779,13183
1380940,13185
1380947,13190
1380955,13196
1518791,1511
1518793,1514
1519985,14693
1520001,602
1524891,14709
1552766,14922
1587880,15227
1587865,15234
1592771,15252
1591847,1791
1592767,15282
1592818,19
1592782,15291
1591840,15310
1592213,15322
1594071,1817
1594768,15335
1578769,15131
1579970,1723
1583045,15161
1533799,612
1533805,618
1533807,620
1533808,621
1533809,622
1533816,629
1533819,632
1532944,1567
1536874,1812
1536886,650
1536898,659
1536905,667
1536867,14844
1536934,688
1536939,693
1536944,697
1536945,698
1536923,705
1536928,710
1536931,713
1536908,715
1536906,670
1536907,671
1536957,673
1536955,680
1536948,684
1536879,1579
1581780,15174
1581772,15176
1583346,1757
1583277,15183
1582883,1763
1582795,15181
1583349,1770
1586794,15203
1583280,15206
1586795,15215
1583345,1778
1587873,1861
1583355,1734
1583361,1740
1533793,14816
1533789,1562
1599096,15356
1599007,781
1601973,15362
1599306,1833
1601971,15365
1599093,15375
1601931,15450
1601956,1882
1605778,15400
1603352,1891
1600981,1868
1599308,1871
1558800,1634
1558789,1635
1558774,14985
1558775,14986
1558768,14996
1558803,1831
1560780,15006
1560771,15011
1560786,1653
1560788,1655
1560784,15007
1563804,1656
1563805,1657
1558796,15020
1566770,1835
1603347,1882
1601968,1859
1601932,15402
1599292,15407
1599315,785
1599303,15432
1601926,15412
1633023,1927
1634023,15909
1633604,1930
1633602,15930
1633602,15933
1633650,15922
1634026,1932
1634027,1933
1634030,1936
1634032,1924
1633002,15908
1633011,15913
1633017,15917
1629286,2058
1633027,2062
1629413,15833
1631521,15835
1629429,15846
1633016,15884
1642742,16259
1642722,16263
1642748,2247
1645142,2253
1645155,2254
1645144,2256
1645147,2259
1645153,16267
1648237,16270
1677244,2280
1679380,16296
1677246,2286
1617831,15768
1617838,15775
1621767,2044
1629411,15786
1629423,2052
1631536,2054
1631518,15800
1629000,830
1708237,16460
1708259,1985
1709238,16467
1680301,16331
1680305,2289
1680299,16313
1679375,16339
1773349,2582
1773384,2584
1773390,2593
1773394,2598
1773336,16886
1809735,2764
1809736,2765
1812644,17333
1813967,2773
1812646,17335
1812670,2786
1813974,17352
1798460,17194
1798461,17195
1799333,17207
1799367,2721
1799328,17220
1802660,17206
1799335,17228
1812656,17230
1834053,2847
1830015,17454
1834055,2851
1827057,17461
1828966,17468
1827052,17474
1981294,18910
1981312,3772
1981279,18919
1981288,18920
1979305,3778
1984559,18949
1980333,18953
1981309,2229
1983278,18963
1984549,18968
1985287,18989
1985293,18995
1985295,18997
1985278,18971
1984279,3796
1984278,19024
1987579,3797
1986279,19034
1990277,3828
1990282,19073
1835256,2895
1835255,2896
1835316,17563
1837995,17576
1836556,17577
1875529,17912
1880168,3144
1880046,17919
1881295,17921
1885136,17932
1884642,17937
1884637,17942
1880163,17930
1955987,1000
1956037,18560
1957970,18666
1956026,1004
1956027,1005
1956028,1006
1962303,1010
1959976,3625
1959978,3627
1962278,18696
1963167,18700
1963173,18718
1822015,2813
1827056,17422
1822216,2824
1822031,17429
1822055,17435
1828967,17436
1822217,2837
1827058,2838
1828970,17453
1679379,16346
1677248,856
1679369,2295
1686245,16354
1681381,2308
1681377,16367
1686257,2322
1686259,2324
1686243,16372
1633583,15940
1633585,15942
1633586,15943
1633588,15945
1634020,15948
1633601,15949
1633580,15962
1633597,15970
1636001,15977
1634488,2111
1615878,818
1615516,15690
1615794,15693
1615809,15709
1639067,2171
1640591,16133
1640584,16100
1640569,16102
1644003,2224
1642454,1962
1642725,16251
1642723,16252
1642740,16253
1769170,2557
1769179,16836
1771310,16844
1771312,16845
1737244,16577
1743435,2408
1748245,16593
1748249,16594
1743425,16596
1751248,16606
1777921,2622
1779329,16973
1777795,879
1780561,16991
1780556,17002
1780621,17005
1780602,17007
1780331,881
1780609,2636
1780551,17022
1751237,16639
1753475,2445
1793590,2695
1796432,17198
1799348,17200
1799372,2715
1796437,886
1799362,17189
1799349,17191
1799366,17193
1770286,16793
1770577,16788
1770834,16795
1771319,2542
1901268,18168
1901269,18169
1899062,18171
1894476,3277
1907053,18178
1899979,18196
1902268,18202
1902264,18208
1902263,18209
1902971,3292
1899976,18214
1902011,3296
1901492,18221
1901494,3305
1904122,18227
1780622,17036
1782676,2643
1782673,17042
1785421,2660
1785410,17074
1920032,18352
1914442,18373
1914431,18396
1927280,3397
1914471,3399
1836271,17510
1836276,2096
1835968,17519
1836272,17522
1835146,2101
1835139,17550
1836470,2890
1931969,18478
1929498,18481
1940975,18491
1937997,3499
1938000,3504
1940995,3523
1940990,18532
1848103,17638
1856003,17640
1848106,17642
1847362,2947
1847359,17657
1869168,17680
1863983,17776
1867076,3045
1870282,17781
1870294,3048
1870292,3050
1863044,2127
1867068,17792
1869157,17797
1869162,17802
1884975,17869
1875051,17858
1875148,17871
1875260,3110
1875686,3116
1875152,17877
1884655,3125
1880262,17915
1914403,18344
1918016,18349
1921213,18406
1920096,18428
1922971,18423
1921399,3432
1921406,3433
1921395,3441
1922976,18440
1924989,18449
1970355,18806
1970357,18808
1970358,18809
1970361,18812
1970367,18819
1970368,18820
1970336,18825
1975458,1032
1973348,3710
1973344,3711
1973351,3724
1978540,3728
1642016,16108
1642036,2169
1642039,843
1642025,16157
1643771,2182
1642237,16172
1643421,2187
1643974,16193
1928065,3461
1928069,3464
1928071,3466
1929970,18459
1930048,3474
1928068,3469
1930055,3484
1929503,18475
1930052,18476
1643990,2204
1644007,2205
1644011,2209
1643769,16204
1642448,2228
1642442,16230
1642245,1959
1643412,16183
1643768,16197
1643766,16199
1770263,16755
1771311,16761
1770271,16768
1770289,2530
1770277,16771
1693241,16381
1706246,16411
1701453,16394
1692237,16408
1694238,16420
1694242,2334
1693240,16426
1694243,2336
1701459,2338
1704249,2341
1773398,2604
1773564,16894
1773370,2607
1773562,2609
1773557,16912
1773556,16913
1773568,16917
1777919,2611
1777899,16952
1777917,2614
1777903,16934
1777979,16938
1777975,16942
1777992,2615
1777909,16953
1777907,16956
1777788,16927
1777915,2618
1777990,16964
1716240,2361
1717248,2368
1717243,16491
1717241,16493
1720238,2372
1736238,16523
1738237,16524
1737269,16528
1737268,16532
1737248,16502
1737249,16504
1737252,16508
1735243,16514
1737904,2382
1855985,2992
1855970,17715
1855141,2995
1855124,2995
1863035,17736
1863037,17738
1856966,17747
1856969,3015
1864019,17751
1858996,17761
1855975,17745
1863981,17753
1741237,16611
1751243,16614
1748250,863
1751255,2425
1751240,16633
1870207,3062
1870204,17811
1870278,17812
1869508,3068
1869509,3069
1870353,3071
1869506,17823
1877974,17838
1873152,17836
1873154,17845
1875159,3096
1761240,27
1770250,16725
1769254,2511
1880250,2145
1882220,3177
1885138,3171
1884977,3173
1880266,3175
1880267,3176
1882224,3183
1882225,3184
1883087,17954
1882212,17958
1883082,3204
1753472,16652
1753502,2447
1753487,2465
1753505,16665
1760244,2481
1758325,16679
1758326,16680
1885154,3221
1886237,3227
1884645,3225
1885156,18040
1886970,18052
1769192,2025
1769193,2026
1889259,18068
1894445,18072
1894450,18073
1902284,18079
1889255,18101
1897411,18104
1894459,3247
1849991,2107
1849997,906
1855969,17690
1852405,2974
1852403,2977
1853984,17692
1849402,2111
1849396,17704
1853981,910
1855995,17722
1901502,3324
1901503,3325
1907044,3326
1902399,18254
1902273,2167
1902276,2170
1904120,2171
1903000,3338
1902995,18263
1883080,17976
1884979,3208
1884611,17992
1902996,18264
1902398,949
1906339,3358
1906340,3359
1908142,18300
1914458,3365
1915030,18313
1914435,18323
1889554,937
1889552,18125
1893974,943
1893987,3258
1896072,18142
1904165,18155
1904130,18158
1896075,3261
1963384,18753
1964282,18760
1964072,18759
1968074,18769
1973331,18773
1969377,18775
1969375,18778
1969378,18781
1966703,18782
1973333,18785
1948806,18612
1963372,18613
1948812,990
1955984,3586
1955253,18641
1955422,18656
1962166,18651
1955983,3604
1953350,3606
1962307,18736
1963004,18737
1963175,18738
1963189,3661
1962316,3664
1975286,18872
1976280,18866
1978543,3751
1978545,3754
1981290,18886
1978532,3764
1979415,3755
1979416,3756
1976291,3759
1976381,18896
1976288,2222
1977303,3767
1633649,15992
1636006,16013
1637265,2118
1637283,2133
1638084,16022
1637282,2140
1637280,2143
1637279,2144
1637275,2147
1638086,16027
1637291,16046
1637292,2155
1638324,16049
1638336,16059
1640595,2157
1640576,16074
1640598,2159
1642029,1942
1642032,1946
1642023,16083
1735237,16538
1737905,2387
1735260,1990
1735272,2394
1736237,16560
1739237,16566
1739238,16567
1737270,16572
1940998,18534
1941002,3536
1942976,3544
1948160,18570
1948155,18572
1948152,18577
1948815,18581
1948417,3560
1949203,2198
1792373,2669
1783276,17084
1792336,17094
1792341,17097
1815422,2799
1815423,2800
1821995,17368
1821978,17373
1821975,17377
1821974,17378
1821993,17384
1822003,17387
1822004,17397
1821986,17399
1821987,17400
1615874,2012
1616801,2014
1616798,2007
1615842,15751
1615841,15752
1616804,2017
1616806,2020
1616807,2021
1616809,2026
1616810,2027
1615853,15755
1616791,15760
1615715,1921
1841106,2923
1841103,2926
1848068,17604
1848082,17613
1848079,17627
1848107,17635
1849984,17645
1793609,2055
1792335,17125
1793604,2062
1793613,2064
1803677,2071
1803682,2076
1796547,887
1806641,17261
1802854,17259
1806647,17262
1802859,17264
1802858,17265
1806644,17267
1807241,2747
1807240,2748
1807236,2754
1807237,2755
1807175,2078
1807661,2758
1807663,2760
1811700,17305
1813992,17310
1828983,2865
1835123,17485
1831966,17497
1830972,2876
1830971,17500
1835137,17507
11453,241
11452,243
14478,40
14352,256
14359,260
14361,260
14364,260
14366,260
14464,274
19371,46
15967,302
14446,273
14457,289
14458,289
14459,289
15949,290
15950,290
15974,292
14605,322
14606,323
14676,326
14739,329
14577,334
15984,334
14581,338
14512,304
14511,305
15958,316
15959,319
23402,321
19376,328
14585,330
16055,341
9230,171
9349,159
14444,86
9219,190
12176,200
12178,202
9362,207
9361,206
9344,212
18023,35
63084,34
12152,219
14326,229
11445,222
63075,248
14371,262
14376,262
14380,264
14382,264
14388,265
14391,267
14395,267
14331,267
14338,269
14339,269
14421,271
14325,230
14304,231
14308,232
1899064,18149
1899067,18152
14470,29
4278,41
7047,4
6489,96
6487,101
7016,104
7013,111
7027,121
7037,124
9217,126
7904,142
7876,142
7905,142
7884,142
7888,142
7890,144
7892,144
7900,147
7878,139
7881,139
14292,140
7907,150
7915,156
9214,172
9358,172
35013,673
35017,676
35019,676
35026,685
35065,695
35073,138
44729,711
42034,712
42045,720
42046,720
43014,719
42184,838
44733,830
54701,853
46224,870
46226,857
47506,859
47511,865
48019,871
48020,882
47557,884
48016,886
47497,894
48033,907
23416,101
23417,101
23419,101
23379,501
23381,503
23375,517
23412,518
24034,530
24039,530
24015,523
24018,523
24025,525
24064,540
24071,543
24075,546
26435,559
24082,554
23504,556
23507,568
24084,571
24087,571
19420,407
19383,411
23392,85
19399,428
19418,428
21146,444
21154,444
21157,446
21177,447
21178,447
21179,447
20015,440
21187,449
21192,449
21239,451
21253,451
21257,451
21264,451
21267,451
20023,459
21350,95
21292,469
21298,469
21299,469
21311,470
21317,471
21330,471
21334,471
21342,471
21359,474
21346,471
21282,472
21284,472
21287,473
21376,490
43013,745
43022,762
44336,805
44764,186
44749,828
44739,834
24093,585
26421,591
26426,611
26427,611
30182,622
30051,119
29423,654
27123,650
47518,658
30047,660
16058,341
16061,342
17304,343
17305,343
17312,344
17330,346
17338,347
17340,347
17430,57
63078,356
17368,374
17369,374
17372,374
17373,374
17376,374
17377,374
17381,374
17383,374
17391,375
14743,370
19379,371
17398,377
17410,380
17401,391
17402,391
17403,391
17424,395
68573,1297
68572,1297
69086,1317
69094,1330
69083,1333
72025,1348
73152,1357
73229,289
72035,1374
73153,1378
73140,1381
62253,1200
63083,255
66483,1226
65133,1244
65122,1245
67168,1282
67216,1284
82333,315
79201,1558
76854,1565
82351,1568
82337,1601
82322,1582
82349,1611
54025,1010
54705,1024
56058,225
54718,1018
54717,1021
54712,1040
56055,233
56073,1062
59036,1074
59046,1098
61027,238
59054,1106
63034,1108
63041,1108
59471,1113
63042,1133
62081,1144
63050,245
63048,1145
61279,244
63062,1164
62245,1167
63035,1182
62251,1184
62086,1187
47521,204
48026,897
48017,908
48034,910
48015,916
47562,924
51015,211
49578,941
51021,946
51024,949
51044,951
51028,957
52024,960
56026,969
53033,981
56030,984
54031,998
53037,219
73220,1416
74548,1443
74554,1448
76158,1461
76161,1485
78228,1490
79187,1531
77157,1500
78164,1508
78159,1512
83168,1631
84252,1640
84256,1641
86170,6
86165,1660
87155,1661
96288,1688
128192,2344
128424,2359
128410,2361
128419,2363
128435,452
128417,2371
131189,2385
131190,2390
133355,2401
133360,2404
133445,2411
139156,2400
136155,2415
118215,2203
119429,2220
121171,2238
124194,2240
121176,2243
121183,2251
121185,2257
121238,2265
123158,2274
121247,2276
123160,2276
124160,2288
128182,2290
124157,2287
121432,2295
128169,2325
128196,2331
108303,2107
113188,425
113179,2148
113178,2137
113162,2155
118175,2171
115472,2173
117154,2176
117164,2193
103528,1989
103521,1994
105428,2006
103549,2015
106367,2019
106390,2041
106403,2030
106375,2042
110180,2063
110165,2079
110187,411
110170,2066
110203,2070
110160,2094
90157,1679
92156,1692
101243,1699
91181,1705
96239,1715
101268,1718
96283,1738
96260,1743
96237,1753
96267,1755
96266,1771
96241,1783
96247,1787
97165,365
96271,1800
96270,1801
96274,1811
97160,1814
100163,1835
101160,1842
101166,1866
101178,1878
103504,1919
101249,1936
103534,391
103515,1959
103506,1970
200176,2828
201161,2842
200202,2854
212158,2863
203160,2865
218298,2871
206160,2878
212170,2904
212166,2922
219159,2930
219160,2931
222161,2920
218314,2924
219168,2945
219169,2958
223157,2982
227166,3005
227177,3011
227192,3022
229160,3044
231163,3027
227216,546
184182,2744
184185,2748
184169,2740
184171,2743
184179,2764
200182,2770
208157,2782
189157,2776
200199,2793
196157,2801
200161,2805
201165,518
227205,3039
227207,3042
231160,3047
231167,3053
231171,3066
237173,3072
232580,3080
136245,2423
136168,2440
136169,2441
153207,2445
136179,2443
136178,2444
139165,2452
139158,2477
139173,2482
139174,2483
139157,2492
139184,2499
139185,2500
139197,472
148160,2516
144159,2515
146169,2526
146160,2532
148168,2539
148170,2541
148171,2543
146174,475
146173,476
153218,2564
153217,2565
155163,2580
155167,2583
155178,2589
160159,2610
161169,2620
161159,2622
161162,2635
161181,491
161160,2640
163160,2657
174161,493
173160,2681
184168,2675
170167,496
170162,2683
173175,2694
184159,2721
250762,3449
250743,3462
250744,3466
250766,3461
253680,3490
253685,3509
253689,3531
247715,598
248636,3340
249680,3357
249672,3360
249560,3371
249573,3372
249577,3401
250732,3411
249565,3400
249564,3405
250728,3417
250734,3413
250735,3428
250737,3430
250775,618
258166,3618
256532,3622
258225,633
258218,3630
258231,636
260518,3639
260524,3660
265168,3676
279173,3684
275171,3683
245014,3219
245019,3230
247701,3241
247704,3244
246645,3250
247664,3260
247654,3297
247683,3302
247682,3303
247698,591
247685,3318
247676,3301
247710,3324
232576,3109
244928,3141
244929,3142
245247,3150
245240,3153
245231,3157
245244,3158
244922,3167
245022,565
244926,3174
244951,568
244940,3178
244944,3188
246161,3193
245232,3198
246646,3211
246649,3240
256181,3550
256179,3554
256186,625
256480,3583
256469,3585
258164,3592
256518,3592
259166,3597
296208,3953
298179,3960
304159,3965
298200,691
298187,3976
304186,3984
304160,3989
304178,3991
305159,4028
306163,4018
275173,3699
279181,3693
275167,3696
279210,657
279213,3736
279163,3748
279177,3756
283185,3771
279189,3773
279194,3781
283169,3791
279206,3797
279220,3798
283159,3804
283203,3808
283212,3818
283194,3820
283208,3825
283171,3831
309180,4021
309212,28
309203,4058
309194,4059
309170,4036
309198,4045
309172,4048
309238,697
309232,699
289163,3844
289178,3860
289171,3862
289170,3866
289183,3884
290160,3882
309179,3916
294161,3899
294162,3900
294166,3910
294178,682
327229,725
327234,730
327182,4282
328165,4296
329166,4304
341177,733
333492,4311
342164,4321
342159,4322
341159,4347
347160,4328
341163,4244
341164,4335
347194,752
347197,755
341178,742
341175,4360
341168,4367
347175,4373
347170,4379
348165,4401
327191,4203
327192,4208
328162,4215
348173,761
348164,4410
352173,763
356389,4438
356353,4441
356380,4450
356381,4450
356373,4443
356393,769
355427,4501
355466,4501
355428,4501
355463,32
355441,4517
309214,4085
313164,4112
320192,704
320193,705
320195,707
320166,4146
315176,4137
317230,4153
320165,4160
317233,4161
406167,4890
406176,840
403457,4909
403459,4909
403460,4909
406170,4905
406181,837
406183,4912
416177,4942
416171,4964
423165,4980
423164,4987
431170,4974
416188,4985
424162,4997
424179,5010
424161,5016
425164,5027
424169,5034
440162,5053
430192,5058
430206,862
431161,5081
431167,871
431168,872
440171,5085
366220,4605
366221,4606
372171,4607
366183,4580
366180,4581
366236,779
366240,784
366168,4641
368159,4638
368160,4639
377160,4651
372173,796
372174,797
374160,4667
377159,4684
375164,4681
446162,5132
440169,5135
440181,875
447167,5151
447172,5153
447165,5162
474179,5182
474195,884
489240,892
474183,5203
474178,5205
489175,5206
474186,5210
379212,803
377164,4689
377162,4691
379209,4698
379216,4707
379218,4707
380181,4720
381169,4710
381170,4727
379234,36
382162,4738
379232,4738
379221,4739
379222,4740
383159,4748
393174,4765
393171,4775
393170,4788
393164,4792
403399,4809
355433,4500
355451,4514
356401,4536
355473,4537
366176,4559
366207,4548
397270,4825
397310,823
397279,4812
397278,4824
397296,4828
403445,4867
406166,4879
406177,831
403438,4889
665204,1042
645182,6057
645209,63
616194,5917
616168,5924
616180,5942
620184,5937
620203,15
622166,37
627171,5993
627170,6001
491166,5387
487250,5381
493170,5404
493168,5407
512184,5430
512185,5431
506172,5440
512190,903
512183,5474
512195,929
524196,5490
524183,5502
535168,5475
524193,5530
512176,5518
512170,5519
527175,5534
527176,5534
524232,960
524189,5551
524226,968
778239,5547
489172,5230
475169,5247
487256,5249
479263,5278
489228,5280
489229,5281
489185,5283
489208,5269
489182,5321
489179,5323
489167,5325
489204,5358
487266,5359
489219,5367
489234,5369
542167,5659
560174,5668
559166,975
562166,978
562169,979
561166,5687
567181,986
567183,988
586171,5726
631176,6020
631188,1033
631187,6032
631166,6033
645185,6036
645186,6037
645188,6040
645177,6047
601208,999
601166,5750
601182,5754
607175,5759
607199,5765
607186,5796
607187,5797
607210,1007
607206,5844
607190,5848
607208,5851
607179,5852
616198,5861
616207,5868
616166,5888
620182,5896
524197,5582
527173,5588
532168,5597
527170,5608
527187,5609
540172,5614
540171,5617
532166,5633
540176,5636
540184,5637
704220,1077
709187,6245
708180,6417
708194,6436
708197,6433
708207,136
708181,6454
709168,6452
709203,6472
710181,6485
709171,6488
710176,6491
714166,6503
719171,6512
720167,6521
739166,6676
747177,6685
747234,6700
747192,6701
752234,157
752236,157
646174,6091
646182,1046
665190,6120
656170,82
665191,6122
665222,89
665175,6144
665194,6127
667169,6177
673167,6188
672217,6200
677172,6210
677168,6213
684205,1073
737200,147
737167,6539
737174,6541
737202,149
737171,6557
738185,6567
738168,6568
738166,6573
738167,6576
738191,6583
738196,6590
738176,6595
747228,6619
747166,6612
747226,6622
747218,6644
747217,6645
747215,6648
738183,6653
684191,6272
684183,6260
709185,6277
704187,6280
684210,130
684197,6288
704216,1083
704181,6328
710173,6343
704217,1086
704202,6373
759185,6833
760191,167
760188,170
759201,6879
759202,6880
759209,6882
759210,6884
759211,6885
768179,6886
774181,6892
768181,6901
768182,6908
768176,6921
778251,6935
747248,6732
778247,6995
778255,177
778209,7009
774215,7031
778221,7043
778254,1138
784168,1138
781176,7064
781185,7073
782199,7092
781192,1144
781166,7096
779804,7105
782174,7133
782176,7134
781186,7109
782194,7127
782166,7161
786174,7169
790170,7180
786177,7184
790205,7194
794184,7182
790201,7207
790203,7213
794179,7216
790211,1152
790183,7225
790180,7239
792166,7267
796175,7271
796178,7273
805181,209
803183,7285
803219,1161
747189,6735
752229,158
747261,6760
752172,6784
752183,6787
752224,1117
752192,6809
752166,6814
770182,6917
774172,6968
774195,6973
774202,1130
778228,6988
922479,179
778243,6989
833198,7576
833173,7577
849516,1192
836173,7588
836167,7589
849521,1205
795340,7309
803205,7335
803216,7328
803174,7356
805174,1165
805171,7362
803197,7370
803198,7371
803181,7374
300000017534778,19
816166,7408
828176,7434
825179,7443
825209,7445
825214,7445
833178,7604
837172,1194
837174,1196
836183,236
845167,7627
844177,7652
844200,245
849465,7704
849511,7711
1008177,1202
828213,7450
828214,7450
825184,7458
828228,7461
828229,7461
828230,7461
828172,7462
828237,7461
828238,7461
828239,7461
828209,7488
828266,1177
828271,1185
833209,220
828170,7533
828184,7534
828183,7544
833166,7550
833204,1187
833207,1190
828269,1183
862191,7841
862251,1214
862261,7846
862229,7852
868170,272
868172,274
862449,278
866170,281
863170,7863
910177,7869
871354,7878
862468,7881
872206,290
872210,293
871356,7887
876226,1227
876225,1228
871352,7925
871359,7947
876188,7950
876196,7962
923176,8122
923174,8126
876221,7994
895184,44
895172,8004
895180,8007
895173,8010
895178,8013
910231,303
910202,8029
910214,8037
910213,8038
910176,8046
910219,311
910204,8069
910194,8082
910197,8072
922473,8109
849522,1206
854172,7742
854173,7743
849483,7739
849488,7739
851171,7759
855180,7765
855176,7784
855185,7790
855192,251
855188,7795
862202,7798
862198,7798
862226,7801
855182,7803
862173,7811
862258,269
862233,7837
872179,7903
872198,7916
872204,1222
938390,8139
932601,8145
932588,8166
938397,8171
958532,8582
960178,8603
932606,8181
932592,8182
932637,1252
932587,8174
938394,8193
938395,8195
938381,8206
953339,8356
948261,8375
953305,8383
953367,364
953361,1269
953362,1270
953357,1274
965173,8619
965221,8621
965231,398
966833,1306
956624,8459
956606,8475
956644,8482
958496,1283
956621,8480
958510,383
956647,8495
956632,8496
956633,8496
958499,1288
955741,8517
958476,8534
958513,386
958433,8551
958472,8566
958527,8407
953335,8408
953326,8409
953296,8404
953375,375
953319,8444
958437,8471
945434,8250
945436,8250
945438,8250
945447,8250
945448,8250
945451,8250
945470,8266
945417,8270
945400,8271
945421,8274
945461,8282
945502,356
945503,357
945509,357
945479,8289
945475,8291
945406,8295
945480,8299
945464,8302
945529,8303
945522,8313
944988,8323
944990,8333
965196,8673
966796,8686
965184,8677
966811,8684
965195,8690
966840,94
977193,8842
977224,8837
977228,8837
977211,8838
980171,8846
980174,8852
1003193,423
1001189,8901
1003191,8902
1003182,8907
1001176,8908
1003189,8921
1003177,8926
1009185,8937
1012517,9004
1012527,9021
1012551,115
1012516,9033
1012511,9034
1012501,9035
1012542,9049
1017241,1360
966822,8711
966805,8727
966838,98
971623,8722
977219,8771
977220,8771
977240,8779
977216,8788
977183,8823
977897,406
977198,8802
977900,410
977251,416
977254,419
977255,420
977189,8809
977257,400
966802,8735
966844,1316
966806,8760
966809,8763
966845,1319
965105,8766
1538768,1583
1538770,726
1537866,14864
1537867,1584
1542773,14874
1555866,1820
1431889,14232
1431884,1302
1439002,1746
1438761,1306
1438905,14243
1482761,14438
1481900,14439
1482758,14444
1490788,1767
1490803,14468
1490813,14481
1494769,1430
1555849,14925
1555873,1618
1446759,14324
1446768,14325
1457762,14331
1448762,14341
1457768,1359
1460882,1311
1482766,1411
1493761,14498
1234311,1521
1234406,1521
1234411,1521
1234415,1521
1234417,1521
1234361,1521
1234362,1521
1234386,1521
1234393,1521
1234394,1521
1234462,1521
1234454,1521
1234460,1521
1234461,1521
1236047,1522
1238254,11240
1238255,11241
1246249,11245
1234309,11253
1234303,11257
1235503,11260
1235509,11266
1234305,11273
1236242,323
1282304,11886
1282311,11888
1285250,11895
1285267,364
1282319,11901
1285248,11925
1287258,11929
1147284,10155
1147283,10158
1145248,10169
1147312,10175
1147712,589
1147607,10189
1147305,10203
1147704,10217
1147692,10228
1147714,591
1147699,10221
1151242,10222
1104282,9856
1106255,9871
1106256,9873
1106247,9877
1113568,1433
1114301,9921
1114308,9934
1118252,9945
1118283,158
1118261,9966
1118276,568
1120247,9973
1140249,9975
1147700,10230
1152500,10267
1152501,10270
1157562,10284
1161245,10294
1163261,10346
1161273,10348
1161271,10349
1161274,10355
1165242,10369
1064290,1408
1064254,9653
1064251,9665
1064252,9666
1064270,9673
1064266,9687
1065255,9692
1065256,9693
1065250,9695
1076252,1416
1076244,9712
1083246,9721
1081243,9723
1084242,142
1182242,10595
1193242,632
1181251,10602
1190255,10645
1192243,10658
1194246,10672
1200267,644
1204347,10684
1200276,213
1200272,217
1200270,220
1200245,10687
1200288,222
1200263,1483
1165244,10373
1202268,10697
1200266,1488
1199256,10674
1200250,10699
1226242,10699
1202267,10719
1118280,558
1102479,9850
1016209,9085
1016188,9096
1016187,9098
1016221,121
1016199,9109
1016200,9110
1017244,1365
1017235,9127
1030233,9160
1026236,9178
1166250,10386
1168257,10394
1168265,10413
1249334,1544
1249328,1545
1249330,1546
1264259,345
1232299,1517
1170580,10422
1170599,10423
1171283,10468
1171268,10488
1170579,10489
1172242,10493
1174242,10498
1172258,10502
1172250,10526
1190259,10510
1172261,10512
1172243,10515
1190243,192
1177302,10566
1177315,10571
1183265,623
1211250,10850
1211255,10852
1211248,10839
1206538,10867
1210264,10874
1214246,10906
1213246,1496
1213578,10904
1218245,10947
1221247,10952
1287259,11972
1287282,785
1290271,11977
1292257,12002
1298288,12014
1292245,12018
1292248,12019
1292247,12020
1296253,12028
1298291,12045
1298293,377
1294262,788
1093242,9810
1102475,9841
1102474,9835
1241268,11456
1241270,1535
1241275,11467
1241273,11470
1242355,11473
1242361,338
1243242,11477
1242375,11466
1248244,11497
1251245,11501
1249300,11509
1248242,11518
1248253,342
1249244,11523
1249259,11533
1250298,11557
1251257,1553
1249887,11649
1249886,11643
1251255,11656
1251303,11651
1251302,11663
1253251,11664
1255341,11686
1272250,11689
1255330,11715
1255346,11731
1258246,11696
1401774,11701
1255343,11705
1041249,9401
1041252,9402
1048301,1389
1048273,9472
1121243,9988
1126243,10000
1130244,10006
1132267,160
1132256,10017
1134260,10023
1135242,10024
1238246,11305
1237297,11330
1239798,326
1239785,11335
1237343,11343
1237344,11349
1239786,11355
1242244,11359
1239799,327
1242322,11366
1240269,11378
1241259,11384
1239806,11387
1241246,11396
1241263,11410
1242335,731
1242360,736
1242345,11427
1242346,11428
1242349,11431
1242332,336
1306281,12072
1306282,12076
1297248,12077
1300259,12080
1298284,12084
1303266,1572
1304253,12144
1303265,12155
1304319,384
1304261,12176
1304318,386
1304301,12180
1304300,12182
1304312,12186
1304308,12193
1304326,12199
1304297,12202
1304327,12210
1306250,12221
1311248,12230
1311250,12234
1311246,12235
1311267,12242
1234404,1521
1234333,1521
1234345,1521
1234358,1521
1234367,1521
1325782,12576
1325797,12599
1325836,1602
1325825,1602
1325911,1602
1325897,1602
1325894,1602
1325890,1602
1325889,1602
1325885,1602
1326003,1602
1325994,1602
1325989,1602
1325986,1602
1325985,1602
1325983,1602
1325973,1602
1325972,1602
1325971,1602
1325964,1602
1325958,1602
1325955,1602
1318836,12445
1320839,12441
1320818,12443
1317232,12444
1318911,826
1318919,830
1318842,837
1318826,12468
1318894,12487
1318921,12491
1319225,12500
1319221,12502
1320820,12503
1320842,12514
1321770,840
1320856,12543
1321775,12561
1312729,805
1310248,12255
1313751,814
1313737,12300
1313738,12301
1314761,12317
1330821,12757
1330824,12760
1330827,12763
1330801,12768
1330835,435
1330836,12794
1330837,12795
1330271,12802
1331762,861
1334757,12816
1335758,442
1331763,12818
1325805,12609
1360773,12912
1360789,12914
1365758,12928
1362758,12919
1031245,9207
1030226,9213
1031244,9211
1033257,9215
1033251,9221
1033263,9232
1033255,9242
1033366,9263
1033373,9265
1033271,9246
1034259,9252
1034264,9271
1034242,9283
1034251,9287
1034258,9294
1037243,9319
1034267,9303
1336761,443
1326005,1602
1326051,1602
1326048,1602
1326037,1602
1326036,1602
1326034,1602
1326030,1602
1326018,1602
1326011,1602
1328791,1603
1325791,12618
1379761,1655
1379760,1657
1313973,12323
1313974,12324
1314003,12325
1314004,12326
1313998,12339
1414768,1036
1414449,1040
1339760,12823
1359766,12857
1359768,12860
1397762,13476
1394336,13478
1394329,13493
1394192,502
1397763,13491
1396759,504
1328770,12666
1328776,12676
1326091,12680
1328767,12700
1330810,12706
1328790,12708
1330778,12718
1328803,427
1331761,12724
1328804,428
1330779,12721
1438911,14274
1440830,14289
1440834,1335
1440832,14291
1440890,14296
1460763,1347
1366902,13032
1366950,13043
1370758,13048
1366957,895
1366933,13057
1369781,897
1366946,13064
1366936,13067
1366939,13071
1369758,13078
1370765,13089
1371757,13098
1370777,13097
1371762,13105
1372797,13110
1417777,13878
1416771,1077
1417809,13937
1418646,1104
1421973,1113
1421080,13958
1420761,13968
1399769,13523
1401773,13527
1407031,13529
1401769,13534
1408069,13536
1399776,13543
1399783,972
1408052,13573
1407041,13581
1408054,13586
1406759,13574
1406765,13592
1406763,13594
1407046,978
1408046,13608
1408048,13610
1408058,13621
1408769,13624
1502879,2
1505768,14598
1516768,14612
1515769,14627
1515771,1479
1380968,13201
1380960,13221
1380965,13231
1380979,13239
1382906,13246
1380994,13246
1380989,13244
1382041,13262
1381758,13266
1382035,13268
1382044,13274
1380996,13279
1382053,13281
1382908,13282
1382913,923
1387786,13286
1387789,13301
1382212,939
1382204,13334
1386761,13341
1387784,13342
1386763,13343
1387815,1677
1389760,13370
1389032,13376
1389053,13388
1423812,1162
1421099,1725
1423821,14023
1421100,14030
1423825,1727
1435859,1297
1527764,14729
1527765,14749
1527917,14750
1524893,14751
1527925,1532
1527914,14762
1530770,1554
1411794,1700
1414429,1020
1414408,13716
1414400,13744
1466763,14376
1479767,1367
1479766,14391
1481764,14413
1482767,1377
1481782,1375
1481775,14426
1481779,1373
1481771,14420
1481759,14422
1481783,1388
1603334,15477
1605779,15481
1607815,1898
1604917,15489
1604906,15494
1604910,15497
1604940,1910
1613085,15624
1613074,15630
1613121,1972
1613111,1973
1613113,1975
1613076,15642
1613077,15646
1613120,1977
1613115,1979
1613057,15639
1613116,1980
1613103,15655
1614769,1909
1604956,1911
1607388,1918
1604946,15517
1604959,15518
1607383,1903
1607812,1921
1604949,15525
1607379,15528
1607802,15537
1607806,1936
1608996,15546
1608992,15550
1609908,15565
1563798,15033
1566779,1679
1569918,1837
1567767,742
1576779,1690
1568773,1685
1569920,15054
1570109,15060
1574769,15072
1573769,1702
1575768,1708
1575767,15081
1576777,15096
1582790,1713
1582769,15112
1578918,15123
1578767,15126
1612767,15579
1613072,15667
1613058,15671
1615855,1915
1613122,1986
1613124,809
1426845,1270
1429021,14165
1429131,1742
1429134,1276
1429360,14178
1435820,14184
1434060,14185
1434062,1287
1435855,1288
1434056,14204
1360759,12850
1360797,12869
1360762,12876
1360763,12877
1360758,12880
1359773,865
1359764,12884
1360808,1638
1360812,453
1360775,12894
1360777,12897
1360780,12900
1360782,12902
1611853,15582
1613046,15594
1613064,15603
1611856,797
1613938,1951
1615048,1970
1615042,1971
1613098,15617
1048267,9460
1048290,9480
1048270,9488
1048300,1394
1426848,1128
1421138,13975
1421139,13984
1421140,13985
1421963,13990
1426842,1723
1201272,10730
1201275,10736
1204341,10761
1206264,10766
1210259,10787
1210268,1493
1210280,228
1206259,10799
1210279,647
1206244,10802
1208245,10822
1313997,12348
1314769,12353
1316012,12393
1316816,12366
1314043,820
1317263,12391
1316014,12398
1317280,403
1132258,10033
1134279,1448
1255243,11598
1250315,11614
1253257,749
1253261,753
1249304,11576
1249312,11564
1249313,11565
1250302,744
1421112,1715
1221270,681
1221279,690
1221260,10964
1221265,10977
1223242,10976
1220261,10985
1222263,674
1222272,11015
1222267,11018
1222275,11021
1225249,11030
1222451,260
1222445,267
1222449,270
1222457,272
1222460,275
1222444,277
1222433,11046
1225244,11069
1227242,11087
1255349,11714
1256245,11737
1265251,355
1265248,11764
1264246,11772
1269255,11794
1272261,772
1272258,773
1272259,774
1272263,776
1270247,11826
1271277,11850
1271280,778
1278246,11866
1229330,11122
1232252,11129
1234254,11135
1232311,308
1234258,705
1232286,11167
1234251,11211
1234253,11217
1232280,11176
1232289,11178
1234290,11193
1232271,11195
1232277,11205
1232245,11209
1232246,11210
1009256,111
1009221,8958
1009253,431
1009191,8959
1009234,1337
1009233,1338
1009197,8973
1009204,8974
1009210,8977
1012529,8988
1012507,8996
1012500,9000
1012555,112
1131259,10046
1134269,1446
1140250,10070
1141259,10084
1141289,1450
1138242,10101
1141283,10113
1141248,10122
1141264,10140
1145263,576
1145264,577
1141277,10132
1141274,10133
1147609,10136
1147610,10137
1141288,10143
1141266,10144
1403760,13442
1393759,13453
1394305,13455
1287276,1564
1287273,1565
1287268,11947
1204307,10716
1202261,10717
1202248,10751
1200468,10728
1423834,554
1424880,1188
1423828,1182
1424873,14061
1424872,14062
1424868,14066
1050282,137
1050248,9553
1051250,9555
1065248,9559
1052540,9580
1052545,9588
1052639,9608
1052552,9609
1052636,9625
1054242,9623
1056251,9628
1054243,139
1039282,1380
1035244,9325
1033365,9324
1039284,1382
1039476,480
1035246,9339
1039271,9346
1036252,9351
1039470,9371
1330781,12722
1330806,12727
1330851,852
1330793,12745
1330773,12779
1435852,1310
1438904,14256
1438907,14257
1431895,568
1408807,998
1409876,999
1411787,13694
1411774,13697
1411776,13699
1411783,13701
1411769,517
1048252,9510
1065253,9514
1012492,9066
1499764,14567
1494773,14548
1498781,14555
1499759,14561
1505769,14578
1414787,13790
1415325,13817
1415343,13835
1416013,13846
1415963,13864
1416010,13840
1417785,13844
1417761,13849
1417793,1062
1389763,13397
1390759,13403
1391865,13415
1393762,497
1393798,13435
1393803,13429
1030231,9193
1027228,124
1030239,1374
1088250,9737
1088246,9751
1094244,9760
1090251,9765
1090243,9769
1094246,9778
1097242,9791
1365777,12925
1363761,12939
1363758,12945
1363769,12956
1365764,12971
1365766,12961
1365757,12974
1366889,12998
1366893,13003
1366896,13007
1366898,12983
1366447,13000
1518758,14643
1515767,594
1518760,14659
1518778,14669
1426774,558
1426767,1732
1425101,13580
1424879,1735
1424883,1207
1426786,14093
1426832,14099
1555860,14941
1552788,1620
1560781,14961
1554985,14970
1555886,14973
1379809,13139
1379776,474
1379787,13158
1518797,1507
1518796,1509
1518763,14673
1518764,14674
1426796,1227
1427759,14106
1426779,14107
1426835,14135
1427761,14126
1379766,1662
1379804,1663
1379805,1664
1379803,13164
1380950,13170
1379781,13180
1379778,13182
1519997,1518
1524895,1799
1522775,1523
1522763,14742
1522767,14745
1552780,14905
1555870,1824
1551770,14912
1551767,14919
1551769,14926
1587878,15242
1591846,1790
1591845,1800
1589775,15259
1589888,763
1592769,15267
1591837,15268
1592777,15275
1592791,1808
1592788,15298
1592814,15317
1592831,15325
1592214,15331
1592218,1875
1594074,15338
1594077,1828
1582794,15140
1582788,15141
1582786,15143
1581767,15144
1581774,15153
1582796,15121
1579972,1725
1581804,15156
1581811,1728
1583046,15162
1581777,15165
1533797,14826
1533817,630
1533820,633
1532913,14831
1532927,14838
1533834,647
1532933,1569
1532932,1571
1536877,1576
1536875,1813
1536872,1814
1536894,655
1536902,663
1536904,665
1536888,666
1536921,703
1536926,708
1536927,709
1536932,714
1536909,716
1536866,14855
1536890,669
1536916,672
1536951,677
1536954,679
1583049,1750
1581807,1753
1581809,1759
1583775,757
1582885,758
1582797,15184
1583234,15187
1583348,1762
1583235,1859
1586788,15208
1586800,1777
1586797,1862
1581789,1849
1530762,14791
1530767,14793
1531852,14803
1532911,14827
1594774,15341
1599016,15358
1599101,1841
1599103,1849
1601951,15451
1600975,15454
1601975,15465
1603349,1890
1603327,15469
1601939,15430
1601948,15440
1601952,15444
1556767,14981
1558787,1636
1558779,1646
1558806,1649
1560774,15000
1560777,15003
1560770,15009
1560785,1652
1560787,1654
1560767,15016
1561768,15030
1603344,1880
1600980,1858
1601963,1860
1601962,1862
1601928,15399
1601925,15413
1601921,15418
1601955,1866
1600973,15420
1601942,15424
1601941,15425
1634034,2098
1634021,15903
1633600,15916
1634028,1935
1633651,15932
1633635,2090
1634037,2093
1631513,15829
1631494,15836
1633005,15863
1633032,2077
1631523,15849
1631497,15859
1642751,2241
1642752,2242
1642749,2248
1642750,2249
1645156,2252
1645154,16266
1645309,16175
1650237,16273
1673282,16290
1673277,16298
1673281,16280
1673276,16282
1615718,827
1629278,15793
1629420,15801
1629419,15804
1631525,15814
1628997,15796
1631501,15803
1629280,15812
1704243,16454
1709243,16457
1708258,1984
1708262,2349
1708261,2350
1712281,16469
1722412,16472
1709245,16429
1683246,16321
1693246,2290
1680300,16327
1680295,16317
1681378,16326
1673287,855
1773558,16867
1773377,16874
1773387,2586
1773338,16872
1773560,2587
1773346,2589
1773389,2592
1810734,17317
1810735,17318
1799329,17202
1798459,17204
1796687,17209
1796691,2720
1799368,2722
1799331,17222
1802663,17224
1834043,17456
1834052,2852
1828986,2863
1979304,3777
1978566,18928
1980338,18938
1981304,2227
1981303,2228
1984561,18952
1978559,1039
1979277,1042
1981287,18957
1981300,2232
1981307,2238
1979438,18962
1984547,18966
1985286,18988
1985288,18990
1985291,18993
1984556,19018
1987572,3816
1987577,19053
1990279,19070
1990280,19071
1835250,17562
1840970,2911
1840966,17578
1840967,17579
1880047,17918
1886230,17891
1881294,17920
1880166,3153
1880246,2141
1955986,3611
1956040,18560
1957969,18667
1956031,1009
1963191,18675
1960239,18680
1960986,18705
1960983,18708
1960981,18711
1963172,18716
1821985,17409
1822010,17411
1822014,2822
1827048,17424
1822064,2826
1821251,2829
1821252,2830
1822214,2086
1828972,17451
1680304,16351
1693238,16352
1704245,2304
1681380,2307
1706249,16363
1634013,15936
1633582,15937
1633605,2109
1634588,15980
1633599,15984
1633577,15985
1636005,15987
1615519,15684
1615796,15695
1615813,15714
1615815,15716
1615821,15723
1615823,15725
1615873,1995
1615860,1916
1615852,15734
1615859,1917
1616815,1994
1616816,1998
1615847,15736
1640572,16089
1643972,16093
1643984,16095
1639066,2172
1640590,16131
1708251,1976
1708254,1980
1642450,2232
1642447,1963
1642731,2236
1642738,16244
1769142,16816
1769166,2548
1769184,16832
1769177,16838
1768937,2011
1737254,16580
1743427,16585
1737895,16586
1748240,16598
1751250,16599
1741240,2409
1741238,2411
1744239,2412
1779332,16971
1777986,16979
1780618,16978
1777984,16990
1779333,16997
1780624,2630
1779331,16988
1779341,2634
1780330,882
1782133,17021
1780604,17026
1753476,2434
1752240,39
1753460,2003
1753270,2004
1753474,2442
1793615,2069
1794345,17156
1794343,17157
1799353,17168
1799363,17173
1799342,17181
1798457,17188
1799361,17190
1770254,16779
1770578,16787
1770586,868
1768940,2538
1771320,2543
1904123,18163
1904143,3266
1894670,18165
1897418,3279
1899977,18180
1899978,18181
1899981,18194
1902989,18187
1902271,18199
1899984,3293
1899986,946
1901493,3304
1901496,3308
1902979,3306
1901500,3314
1901417,3315
1901488,18234
1780612,2639
1782672,17035
1782852,2646
1782909,2653
1785413,17061
1785418,2663
1914439,18356
1920036,18358
1914419,18370
1914454,3388
1914449,3392
1914411,18388
1914430,18395
1914455,3395
1914468,3402
1914467,3403
1914478,3409
1914477,3410
1834040,17509
1835967,17516
1836461,17512
1835134,17521
1836275,17528
1835144,2099
1835141,17547
1930995,3486
1938003,3507
1940972,18524
1941971,41
1855968,17644
1848081,17651
1851048,17652
1849992,2946
1847360,17656
1883062,17659
1848118,2949
1847357,17662
1849983,17663
1849990,17664
1856002,17677
1853987,2106
1849996,2957
1867065,17770
1860968,3034
1867066,17772
1869161,17801
1869501,17794
1869163,17803
1875158,3105
1880052,918
1875053,17863
1877979,3112
1877966,17875
1875315,3120
1875310,17884
1877975,17892
1877977,3127
1877977,3128
1914131,961
1927281,3419
1920033,18409
1920037,2182
1928047,18416
1921215,18417
1922973,18418
1922972,18419
1921400,3439
1925971,3446
1924157,18447
1928073,3456
1928049,18452
1929981,3460
1924158,969
1969392,3701
1969380,18823
1971117,1016
1971128,1025
1971126,1027
1973335,18837
1975457,3722
1973337,18846
1978548,3730
1978538,3732
1978537,3733
1639062,16134
1643406,16139
1643409,16143
1642024,16155
1643413,16167
1643418,1956
1642234,16162
1643429,2185
1642314,847
1929974,2185
1929975,2187
1929971,2189
1930042,18469
1940992,3483
1929500,18474
1644006,2203
1643759,16205
1643765,16206
1642252,2190
1642242,16189
1650241,16210
1770293,2518
1770282,16756
1692242,16386
1692243,16392
1687239,16405
1772416,16896
1773362,16903
1773553,876
1777922,2612
1777906,16931
1777902,16935
1777977,16940
1714238,1989
1722418,2375
1735261,2383
1737247,16522
1855132,2995
1855115,2995
1855142,2995
1863032,17732
1852116,17740
1857967,911
1867071,3026
1867072,3018
1744241,2420
1744242,2421
1741242,859
1741243,860
1758334,16637
1870206,3063
1870001,17810
1875154,17825
1873160,3077
1875309,17842
1875162,3101
1769244,16705
1769250,16742
1770253,16752
1880247,2142
1880252,2147
1880255,926
1880256,927
1884650,3168
1884648,3170
1882221,3178
1882216,2150
1883074,17960
1883067,928
1884626,2151
1760238,16646
1760239,16648
1753272,2444
1753464,16655
1753480,2459
1758333,16681
1760568,2489
1885128,18029
1886233,18021
1884607,18025
1886228,18036
1886234,18039
1886232,18045
1884632,18035
1886979,930
1886977,2157
1885144,18044
1885146,18048
1773340,2018
1769175,16861
1773365,16852
1773554,16855
1773355,16859
1894470,18070
1894451,18074
1894468,18077
1889551,18087
1889250,18092
1889421,18111
1889427,934
1889425,3244
1889426,935
1889267,931
1894472,18108
1889553,3249
1894456,2159
1849089,2963
1852404,2976
1852407,2970
1849399,2108
1852398,17705
1855992,17718
1855993,17719
1855994,17720
1902279,18252
1907045,3327
1903001,948
1902275,2169
1904135,2172
1884604,17972
1884601,17982
1884588,17995
1884978,3207
1886975,3209
1904978,18268
1904125,18275
1904126,18282
1902402,18284
1904167,18286
1907054,3355
1914445,18309
1918012,18322
1914436,18324
1913286,3374
1897194,18136
1897196,3253
1897198,3255
1902970,2163
1901273,18144
1901275,18146
1904163,18154
1904164,18156
1904132,18159
1964066,18757
1969078,18780
1969077,18784
1970373,18787
1969074,18788
1970337,3688
1966863,3689
1963363,18606
1948810,2199
1948805,18617
1956970,3579
1948813,991
1949256,993
1953970,18628
1952977,995
1962286,3645
1962318,3664
1962308,3665
1963362,18604
1974484,3743
1975294,3746
1978546,3753
1974487,18883
1976287,18884
1976278,18885
1976292,3760
1975463,3762
1978554,3768
1978557,3768
1976377,18903
1976378,18904
1633654,2114
1634589,15993
1635135,16010
1638081,16016
1637266,2117
1637277,2138
1637271,2150
1637270,2151
1637261,16033
1637257,16039
1638327,16054
1638328,16055
1638329,16056
1638337,16061
1643994,16066
1642441,16066
1639064,16071
1640574,16075
1640599,2160
1640600,2162
1640594,1948
1737264,2389
1758330,16555
1942970,18534
1948420,3562
1948802,18587
1949202,18597
1792343,17080
1785417,2674
1789327,17088
1789329,2050
1812675,2084
1816968,2804
1821970,17392
1822000,17363
1821997,17366
1821979,17372
1821981,17386
1822063,2807
1615838,15745
1615836,15747
1615854,15748
1616811,2028
1615833,15754
1615790,15756
1616795,15763
1841104,2925
1846966,17621
1848074,17598
1848072,17600
1848067,17605
1848084,17611
1848083,17612
1850976,2928
1848096,17616
1848095,17617
1848077,17624
1848115,2936
1848092,17636
1846974,2937
1848066,17628
1792337,17115
1793605,2051
1792380,2686
1792378,2689
1792331,17129
1800419,2729
1799374,2727
1800329,17234
1801740,890
1802861,2739
1806645,17266
1811707,17268
1808889,17281
1811710,17280
1807001,17285
1808893,17289
1807041,17289
1808894,17289
1807043,17291
1809690,17308
1809693,17319
1835116,17483
1835973,2092
1835975,2094
1835118,17490
1829597,17493
1830969,17498
1834050,2874
11451,242
14296,254
14351,256
14466,276
14468,277
19354,282
15972,290
14462,290
14673,326
14677,327
15983,334
15985,334
15986,334
16047,340
15963,312
15960,317
16078,352
16051,341
16053,341
16054,341
9373,172
9342,177
12150,177
7918,149
9347,159
11447,184
9220,191
12160,213
12159,213
12155,213
21357,36
22174,210
12147,211
12167,211
14472,238
14441,246
14442,247
14402,267
14332,267
14334,267
14425,271
14426,271
14430,272
14433,272
14436,272
14438,272
1884621,18003
1904154,3310
1914457,3378
3001,4
4016,9
3002,5
7039,18
14469,31
4215,34
4275,37
4279,42
7014,42
4277,44
4219,46
4220,46
8014,6
12171,106
7028,103
7033,115
7030,118
7034,127
7883,142
7885,142
7886,142
7887,142
9212,142
14317,167
14318,167
14321,167
9357,169
29430,655
35028,671
35024,677
35025,679
29434,666
35052,132
35053,133
35046,693
35066,695
35061,696
35036,697
42037,728
42026,730
42053,737
42019,744
42187,841
46208,190
44752,816
44751,817
44776,845
46202,855
46204,855
46205,855
46212,200
47487,734
47488,892
47510,862
48018,863
46219,875
48022,883
23414,101
23415,101
22176,514
23362,515
23366,524
24032,530
24038,530
24043,531
23499,523
24029,526
24047,539
24049,539
24050,539
23505,551
26434,559
26438,560
24083,555
26424,576
20016,403
20036,403
20037,403
20609,405
19401,420
19382,410
22179,87
19392,426
19395,428
21141,442
21358,442
21147,444
21151,444
21152,444
21155,444
21160,446
21163,446
21165,447
21176,447
21185,449
20040,435
21188,449
21190,449
21205,449
21211,449
21214,451
21221,451
21220,451
21243,451
21251,451
21255,451
21272,453
21273,453
21276,454
21355,90
21300,469
21302,469
21305,469
21315,471
21316,471
21325,471
21336,471
21344,471
21363,474
21281,471
23380,487
23382,487
43017,757
42089,155
44725,775
42086,163
42122,778
44742,837
42183,838
25393,588
30189,125
30190,125
30053,122
27056,639
29424,654
47519,659
16059,341
17302,342
17314,344
17317,344
17332,346
17342,347
19377,353
19378,353
16111,53
16114,66
14740,357
22178,355
17425,362
17431,372
17371,374
17394,376
17399,378
19359,386
19372,69
19374,70
17404,392
19381,394
18017,402
18021,402
68577,1297
68564,1298
73144,275
69087,1315
73226,1337
73124,1354
63024,1196
63073,1208
63082,254
68145,257
66498,1231
65123,1246
66505,1258
66506,1259
66503,1261
68139,1263
67166,1280
67167,1281
67169,1283
68264,1288
82331,315
76853,1559
76848,1560
82319,1576
82340,1599
82323,1583
82326,1598
53029,1007
54029,1016
56051,225
56038,1028
55024,1029
55026,1031
56036,1043
56065,1045
56057,230
56048,1047
59034,1100
59050,237
59045,1097
59468,1111
59480,1115
61273,1124
59478,1128
61269,1121
62078,1139
62074,1144
61276,1159
63046,1142
62083,1149
62242,1180
62244,1175
63038,1192
48030,902
48013,912
48036,915
51013,207
47566,210
47564,931
51033,953
51031,954
51035,951
52026,962
53034,989
56033,993
73157,1388
74472,1402
74574,1409
73221,1417
74476,1422
74477,1423
76172,1475
76171,1476
76179,301
76178,302
76167,1479
76155,1458
76164,1482
79194,1529
83156,1618
86164,1620
84250,1645
86169,1659
86166,1660
101267,1672
88176,1682
101300,354
90156,1676
129338,2353
128423,2362
128433,450
128430,2379
129339,2382
130172,2389
133358,2404
136165,2433
139169,2433
136166,2433
139191,459
139193,463
144160,2406
136154,2408
136183,2409
115535,2199
118219,2218
119435,433
118183,2215
119431,2221
121166,2232
121167,2233
121431,2234
121169,2236
121170,2237
121186,2239
121173,2253
121236,2267
124200,2294
124166,437
124165,437
124164,437
128206,442
128171,2310
128200,2312
128168,2324
128209,446
128184,2339
128179,2314
117160,2105
108302,2106
108304,2113
108298,2122
113171,2127
113163,2129
113173,2136
113170,2131
113159,2139
113156,2145
111511,2159
117162,2167
117157,2174
117155,2180
118179,2191
104154,1996
103543,1997
103531,1999
105424,2027
106402,2030
106388,2039
106378,408
106406,2049
106396,2050
110169,2058
110177,2067
108301,2082
110167,2082
110155,2090
110162,2092
110158,2097
90154,1681
88179,1681
92155,1691
90163,1695
91177,1703
91182,1708
91162,1712
101254,1751
96232,1764
96268,1768
96244,1786
96254,1807
96272,1803
96238,1809
97159,1812
96269,1813
97156,369
97157,369
96291,1821
100162,1822
96293,1824
101154,1840
101170,375
101157,1845
100525,1848
101158,1853
101177,1877
101271,1882
101257,1884
101279,1909
101260,1886
101261,1887
101265,1911
101264,1912
101284,1947
103532,392
103508,1961
106374,1978
200174,2826
200178,2830
200172,2832
201159,2839
200186,2847
203167,523
203166,523
203159,2859
205157,2890
209157,2904
218306,2905
211157,2914
219162,2942
222162,2919
221158,2938
218328,534
219163,2943
218321,2950
218330,536
218331,537
218317,2955
222157,2969
227173,2990
227178,3000
227159,2995
227160,2996
225161,3001
227181,3006
227184,3013
227188,3017
229162,3046
227212,542
227217,547
184181,2726
183158,2724
189161,2728
184190,2736
188162,2766
184187,2750
184174,2757
184175,2763
190157,2775
189162,2777
191157,2784
189170,2783
191158,2785
198157,2792
227198,3032
227201,3035
227175,3040
232579,3072
136244,2438
136233,2463
136171,2447
146167,2449
136253,2457
136175,2460
143158,2476
139162,2494
143157,2497
139166,2505
146168,2521
151157,2554
155171,2559
155162,2579
155160,2582
161167,2598
162163,2615
164157,2633
161182,491
161174,2642
164160,2645
163162,2657
173164,2689
173177,2699
173166,2703
173167,2707
173168,2708
250782,609
250759,3448
250780,3474
252226,3477
253677,3482
253678,3484
253658,3492
253651,3494
253662,3510
253686,3516
253694,22
253668,3536
247720,3338
248640,3340
249563,3349
249656,3352
249657,3353
249658,3361
249572,3373
249567,3397
249566,3399
249581,602
249675,3410
249677,3415
253640,3426
250736,3429
250738,3432
250774,617
250753,3437
250755,3439
259167,3612
259168,3624
258219,3632
260505,3645
260515,3655
260519,3656
260528,638
275161,3687
246169,580
246663,584
246667,3258
246671,19
247678,3280
247650,3275
247660,3281
246744,3287
247672,3288
247700,590
247655,3298
247667,3307
247657,3321
247712,593
247693,3325
237184,3119
241688,3135
245242,3149
244923,3165
244950,568
246162,3194
244945,3195
244946,3199
247663,3203
245234,3210
246171,575
244954,3212
247703,3220
256159,3541
260499,3558
256182,3570
256184,625
256174,3563
256161,3573
256470,3578
256483,3587
256520,3592
259164,3605
259163,3606
259162,3607
257170,629
257171,630
298170,3934
298163,3939
304172,3954
304163,3962
298182,3973
298184,3976
304185,3982
304187,3985
303179,3995
304166,3997
304181,4003
304175,4007
306168,692
306167,4022
279186,3735
279221,650
279160,3738
279176,3739
279217,3743
279178,3765
283185,3772
279190,3774
283163,3775
283161,3789
283181,3799
283210,3811
283188,3817
283215,3819
283173,3831
283174,3831
309178,4029
309197,4039
309209,4049
309201,4052
309181,4060
309233,698
309223,4076
309218,4080
309242,4089
283216,3836
283198,3836
283207,3839
284173,661
284167,3845
289187,3857
289166,3857
289167,3858
289169,3870
289181,3881
291161,3892
291161,3895
294174,3907
294163,3902
294182,680
327187,4289
327202,4291
329161,4299
327188,4294
335170,4315
342163,4320
342161,4338
342165,4339
347161,4340
347166,4324
341167,4329
341188,735
341189,736
341191,738
347189,4350
347167,4354
347196,754
347172,4375
341183,747
341185,749
347176,4388
347190,4391
347164,4393
348168,4396
327180,4167
327223,715
327185,4177
327194,4179
320174,4172
320180,4195
320185,4210
328160,4214
327216,4223
327211,4227
320200,4228
327210,4234
327220,29
327221,30
328164,4230
327178,4231
325159,4271
352165,4406
356364,4412
352170,4421
352175,765
356384,4426
351163,4431
349164,4440
356367,4436
352161,4453
356354,4466
356362,4474
356379,4480
355436,4475
356386,4479
355464,776
309215,4086
315160,4097
313163,4111
313165,4113
315164,4107
320172,4127
315173,4142
315168,4149
315172,4134
315179,4140
403455,4893
403436,4898
403440,4892
406193,4926
411371,4931
416189,4949
416172,4955
416167,4959
416160,4962
416159,4963
416169,4938
423171,842
440172,4980
423167,4983
431164,4975
431165,4976
431166,4977
431159,5006
423168,5019
424164,5032
425166,5029
645172,5029
424165,5037
430203,850
424172,5039
424183,5045
430189,5050
446165,5052
430188,5049
430169,5065
430170,5074
430205,868
431162,5082
431163,5091
440177,5094
433159,5112
366237,780
369159,4583
366171,4590
366202,4597
368163,788
366203,4613
366230,4623
381177,4626
372169,4645
372164,4656
372176,800
374171,4676
381178,802
375170,4685
433160,5117
447160,5123
446171,5142
446167,5143
446168,5148
447168,5159
489166,5169
474196,878
474194,883
454162,5188
489241,893
489176,5198
474176,5216
377161,4691
380170,4703
380172,4705
380173,4706
380174,4708
379215,808
379206,4709
379223,4737
385159,4749
393184,4779
390159,4784
390160,4795
397304,814
397293,4807
397289,4809
355457,775
355471,4504
355442,4510
355443,4511
355447,4521
355445,4529
355461,4522
366215,4543
374164,4549
366194,4563
375159,4592
375162,4593
397269,4822
397306,827
397272,4829
403406,4841
397299,4837
403374,4841
403404,4843
400159,4847
403442,4854
399160,4866
403294,4878
403287,4885
708186,6052
684172,6054
645183,6058
645193,6067
645181,6071
616183,5918
620202,1020
616202,5940
618166,5934
620185,5935
620188,5936
620205,17
645201,17
621168,5959
620170,5971
627172,5985
627173,1026
631181,6009
645168,6013
487257,5382
492166,5401
493175,5409
512174,5459
505170,5434
512181,5463
516172,5467
516174,5473
524180,5497
512198,918
540168,5480
512169,5481
540197,956
540198,956
540190,958
540191,958
524188,5532
524208,5536
524200,5537
524205,5553
524222,962
524224,966
524207,5547
524203,5550
487252,5225
489236,897
475166,5233
475167,5234
474185,5237
489213,5287
479262,5295
489188,5316
489191,5318
489173,5345
489222,5353
487258,5360
541166,5656
560175,5663
543166,5670
560167,5680
601196,5710
586173,5714
601178,5718
601185,5732
601186,5733
601177,5728
601194,5738
645195,1036
645204,52
601207,998
616197,5832
616193,5840
607202,5843
616171,5856
616191,5875
620178,5904
524229,971
524215,5572
524198,5580
524191,5583
527178,5610
527177,5611
540170,5616
532177,5632
532175,5626
532174,5627
532173,5628
549166,5638
704189,6258
704221,1078
704222,1079
684182,6257
684201,1082
709176,6396
709177,6397
708191,6404
708179,6415
714167,6423
708198,6432
709170,6456
709190,6459
708177,6448
709189,6460
709201,6479
719168,6508
747205,6667
747193,6674
747238,6679
759187,6682
747267,1109
645174,6074
646173,6089
665211,1055
665218,85
665221,88
665224,91
665226,92
665233,98
665230,99
665198,6157
665188,6162
665189,6163
665196,6165
665179,6168
666168,6175
684173,6230
720171,6529
729166,6536
737182,6546
737181,6548
737197,140
737196,148
737203,151
737183,6553
737207,153
737192,1096
738190,6582
738195,6588
738177,6597
738174,6611
810167,6632
738172,6636
747213,6650
747208,6664
747257,1100
747258,1101
685169,6262
684186,6270
684170,6281
704186,6293
705169,6303
704185,6333
704218,1085
704191,6359
704210,6382
760179,6834
760183,166
768183,6873
770174,6888
774180,6898
778246,6994
778216,7016
774210,1132
774191,7020
774167,7028
778210,7039
778222,7044
778201,7050
781197,188
778266,7062
781180,7074
781184,7075
782201,7100
782204,192
781204,7115
781188,7119
782183,7131
782173,7164
786176,7172
790185,7177
790172,7193
794189,7182
794192,7182
790202,7208
790176,7209
790192,7210
790193,7211
794177,7215
796184,1155
790214,1157
790191,7226
794175,7256
803166,7257
796182,7269
796180,7270
752198,6747
752203,6748
752197,6753
752178,6765
752174,6771
752184,6769
752171,6783
752214,6796
752225,1115
759196,6805
770184,6920
770169,6949
770166,6954
786166,6964
774199,6962
774203,1131
778256,178
778262,181
833171,7560
833200,7578
836179,7585
836169,7592
833167,7594
803209,7297
795341,7310
798166,7338
851172,7721
805172,7358
807166,7364
806168,7386
804167,7389
804168,7392
825203,7418
828192,7433
825194,7437
828210,7442
837170,7609
837173,1195
837169,7629
837166,7639
839167,7644
844174,7669
849523,27
844171,7683
844178,7689
849463,7695
849477,7705
849519,1201
1008175,1201
849514,1203
825216,7445
828200,7447
828203,7447
828205,7447
828206,7447
828207,7447
828222,7450
828224,7450
825205,7453
825208,7455
828231,7461
828241,7461
825181,7466
828191,7503
828261,1179
828242,7523
828168,7527
828167,7528
833214,226
833195,7546
833182,7547
833183,7548
833205,1188
862236,7840
862263,7849
862447,7853
862457,7855
862454,274
862458,275
868174,278
862174,7854
872205,289
872208,292
862469,7884
872200,7891
910215,295
871345,7923
876200,7949
876215,7951
876195,7967
876178,7970
876182,7953
896171,7969
876210,7978
876208,7981
876180,7992
922463,8113
922465,8117
932608,8127
876209,7995
876229,1233
896176,8003
910210,8016
910187,8035
910170,8039
910222,314
1415349,306
910206,8053
910208,8055
910193,8062
910189,8065
913486,8093
913472,8095
922466,8099
922470,8104
932627,8120
850170,7724
849461,7727
850172,7730
849467,7732
849486,7739
849493,7739
850173,7756
849507,7757
851175,7766
855170,7776
851180,7781
861294,7789
861298,7789
861299,7789
861301,7789
861303,7789
855191,250
855197,261
862214,7798
862208,7798
862205,7798
862216,7798
862221,7798
862199,7798
862238,7802
862239,7802
862240,7802
855175,7807
862184,7812
862243,7831
862256,267
938384,8137
932594,8149
932596,8150
932633,1245
932638,1249
958495,1299
958529,8583
958530,8585
958520,8586
958542,8596
932611,8186
938370,8197
938371,8198
938420,324
938414,326
938419,329
938412,331
953336,8353
953338,8355
953341,8358
953349,8367
948264,8380
955739,8389
953317,8391
953332,8390
953320,8394
965198,8612
965220,8638
965178,8648
965192,8663
955747,8455
956637,8462
956638,8462
956645,8482
956642,8485
958469,8494
956654,80
955737,8508
955738,8509
955742,8518
960174,8549
958478,8552
958455,8556
958486,8554
958505,1293
953324,8430
953325,8431
953365,367
953350,8422
953372,372
956613,8442
956607,8449
958464,8468
958525,8470
958438,8472
938378,8213
938393,8240
945410,8241
945454,8250
945443,8250
945449,8250
945452,8250
945413,8255
945510,340
945399,8257
945429,8260
953330,8284
945409,8286
945505,357
945506,357
945527,8311
958533,8316
1028225,8327
944998,71
965210,8667
965212,8667
965224,8670
965188,8676
965201,8687
964377,8689
964375,8691
1009237,1331
977229,8837
980175,8853
984171,8857
990180,8867
1001181,8895
1001173,8888
1001193,108
1001183,8890
1003183,8897
1003180,8900
1001192,426
1003176,8927
1012547,1349
1016218,1356
1016219,1357
1012498,9057
964381,8708
966820,8711
966823,8711
977192,8724
966781,8728
966803,8722
977241,8779
977217,8807
977182,8822
977184,8824
977186,8827
977204,8801
977246,1326
977177,8806
977256,414
977253,418
977205,8818
977171,8832
977191,8834
977258,402
966818,8755
966829,8767
1536862,14860
1538767,1817
1539771,729
1542769,14867
1549772,1594
1551778,1596
1548816,14895
1553784,1602
1554772,1605
1431892,1304
1439007,1751
1484765,1392
1484766,1399
1490787,1766
1490795,1420
1490798,582
1490830,1424
1490818,14474
1490819,14475
1492763,14477
1490814,14496
1555864,1829
1553774,14952
1446766,14322
1448764,14327
1448766,14328
1481761,14446
1484758,14450
1481905,1409
1490828,1433
1490829,1434
1492760,14508
1490833,585
1496831,1779
1494780,14533
1494762,14526
1494758,14541
1494763,1449
1234410,1521
1234412,1521
1234350,1521
1234359,1521
1234392,1521
1234396,1521
1234435,1521
1234436,1521
1234441,1521
1234442,1521
1234450,1521
1234451,1521
1234455,1521
1234456,1521
1234273,318
1234278,11227
1234294,11229
1234297,11231
1234275,11233
1235298,11236
1234310,11254
1235505,11262
1234300,11271
1236249,11292
1236046,11279
1236043,11288
1282322,11875
1282302,11884
1282312,11889
1282309,11908
1282310,11909
1285249,11911
1282299,11920
1284245,11921
1287269,11928
1285259,11930
1145247,10168
1147293,582
1147709,586
1147314,10177
1147297,10186
1147316,10188
1147303,10201
1148245,10208
1154253,595
1147695,10216
1147708,10224
1104280,9885
1106252,9875
1106249,9881
1106248,9884
1104286,9887
1106243,9888
1118259,9895
1111246,9903
1114288,9917
1114304,9928
1114290,9923
1114299,9938
1114284,9939
1114289,9940
1118272,564
1118274,566
1118278,570
1122244,9976
1154247,10240
1152498,10268
1152505,178
1157560,10282
1159244,10290
1161242,10292
1161244,10299
1160245,10308
1160247,10307
1170596,10324
1163265,10328
1163244,10331
1170578,10342
1161272,10350
1168264,10367
1064289,1407
1064293,529
1064296,141
1064267,9656
1065260,532
1065261,533
1064261,9678
1066243,9700
1069242,9701
1071243,9707
1072242,9709
1111249,9731
1088244,9732
1106251,9733
1090246,9739
1093249,144
1030235,1367
1182398,10587
1183246,194
1186242,10637
1191250,10654
1194243,10668
1200258,10683
1204345,10681
1200271,218
1200268,219
1200243,10685
1200269,221
1165253,1467
1165247,10372
1165245,10374
1164476,1471
1201279,10703
1201277,10707
1102491,554
1104274,9848
1016204,9084
1016185,9095
1017232,9125
1017240,9133
1017234,9123
1017245,458
1017226,9137
1018492,9139
1017248,9147
1022224,9153
1023227,9161
1033260,9163
1026238,1366
1026241,123
1026227,9179
1026226,9170
1026225,9171
1026224,9172
1026233,9173
1026242,122
1168255,10392
1168267,608
1168269,610
1168254,10398
1168251,10410
1171271,10437
1171280,10450
1294263,345
1168261,10420
1170605,10440
1171296,10454
1171282,10467
1177311,10469
1170581,10481
1177304,10511
1172249,10525
1173248,10530
1173246,10535
1181249,10551
1183260,10579
1177314,10582
1210249,10846
1211244,10869
1221261,10881
1214250,235
1222468,10884
1217247,10893
1213593,671
1213577,10903
1213244,10908
1213245,10910
1213581,10914
1213582,10915
1221262,10931
1217244,10939
1221255,10945
1287245,11974
1287262,11975
1294271,368
1287281,784
1290270,11976
1287246,11978
1304324,11979
1290269,11983
1290288,11985
1292260,11992
1288245,11999
1292252,12006
1294268,375
1294256,12057
1100244,9826
1102472,9833
1104287,9838
1102488,550
1242352,11443
1241271,738
1241276,11469
1244254,11472
1245243,11481
1246262,11488
1247310,11494
1247313,11505
1249246,11525
1249251,11527
1249242,11529
1249258,11538
1250288,11548
1250291,11553
1253254,11621
1255328,11647
1251251,11658
1251252,11659
1255340,11685
1262245,11687
1255352,352
1255337,11729
1255347,11730
1255245,11691
1255338,11703
1256242,11708
1041251,9404
1043558,9414
1044243,9429
1043561,9427
1046242,9447
1122243,9982
1118268,9980
1118250,9983
1121245,9989
1132242,10004
1137244,10009
1132250,10018
1137245,10027
1132263,1438
1236248,11296
1237333,11298
1238243,11307
1237244,11314
1238248,11297
1238249,11311
1239790,11312
1238244,11318
1242329,11340
1237337,11332
1239791,11338
1239795,11339
1239243,11357
1241260,11346
1239800,330
1239796,1530
1239792,11367
1239788,11369
1240278,334
1241249,11401
1239809,11404
1241703,11408
1242347,11429
1242350,11432
1296256,12069
1299536,12099
1302267,12086
1303267,792
1303275,793
1304272,12122
1306246,12119
1303273,799
1304279,385
1304267,12165
1304251,12177
1304291,12181
1304309,12194
1306252,12216
1312715,12233
1311269,12245
1234259,311
1234261,313
1234313,1521
1234323,1521
1234328,1521
1234401,1521
1234425,1521
1323760,12569
1325786,12579
1325809,1602
1325831,1602
1325829,1602
1325822,1602
1325821,1602
1325909,1602
1325907,1602
1325896,1602
1325884,1602
1325879,1602
1325866,1602
1325863,1602
1325928,1602
1325926,1602
1325997,1602
1325968,1602
1325952,1602
1318831,12435
1318918,823
1318912,825
1318916,831
1318822,12464
1318824,12466
1318829,12473
1320855,414
1320819,12512
1320836,12532
1320837,12533
1321767,12546
1320857,12541
1321781,12557
1321789,416
1321785,12567
1314773,12262
1314763,12266
1314764,12267
1313749,12279
1312718,12281
1313754,804
1312730,806
1312724,12258
1312719,12274
1313982,1579
1312733,809
1313735,12305
1313742,12312
1330811,12747
1330816,12752
1330764,12771
1330830,12781
1329758,12788
1330270,12805
1332759,440
1330799,12625
1326081,1616
1325794,12635
1325771,12644
1326055,12649
1360803,1642
1360772,12913
1362760,12921
1031243,9209
1031250,467
1030227,9212
1031242,9223
1033265,9234
1033256,9237
1034253,9243
1034256,9254
1034252,9284
1036256,9304
1039478,476
1033361,9309
1336759,12820
1325943,1602
1325940,1602
1325933,1602
1326050,1602
1326049,1602
1326028,1602
1326017,1602
1325798,12582
1328792,1605
1325789,12592
1325787,12596
1330798,12606
1325778,12612
1326775,1613
1375766,13119
1379762,1656
1376762,13133
1313985,12330
1314001,12335
1314010,12343
1414442,13756
1414764,13764
1414766,1034
1414398,13761
1414770,13778
1414772,13779
1414774,13781
1347759,12843
1345758,12836
1357757,12852
1359761,12855
1393810,1685
1394320,13469
1394180,13472
1394324,13480
1394328,13481
1394308,13498
1397761,13502
1401761,13516
1399777,13521
1325807,419
1359760,12658
1326089,12675
1328777,12677
1326083,12678
1326094,12684
1328784,12687
1330788,12711
1330834,431
1440823,14287
1440821,14292
1440893,14297
1440828,14303
1440897,1342
1446772,14314
1366922,13028
1366903,13033
1366904,13034
1366934,13039
1375758,13045
1370769,13090
1373757,13065
1369762,13082
1366951,13087
1371760,13096
1417798,1070
1416020,13887
1416021,13888
1416769,1072
1416761,13913
1416762,13914
1416774,1074
1415359,13903
1417775,1079
1417774,1086
1417818,13942
1417815,1096
1417821,535
1419004,1110
1421971,1111
1423806,13959
1401772,13546
1401764,13532
1401765,13533
1401766,13539
1399767,13547
1406771,13557
1406797,13566
1408055,13585
1406793,13562
1406791,13564
1406788,13568
1406769,13590
1406770,13593
1407044,980
1406772,13602
1408043,13605
1408045,13607
1406780,981
1406779,1691
1408801,13628
1408804,13633
1408779,13641
1408765,13642
1408785,988
1408768,13647
1408793,507
1516765,14609
1518776,14635
1380956,13198
1380945,13202
1382912,915
1380972,13209
1380959,13220
1380975,13234
1380978,13238
1380985,13248
1380997,13252
1382051,13271
1382055,918
1382039,482
1382209,13294
1382125,13300
1382123,13314
1382210,13297
1382197,13307
1382199,13309
1384758,13318
1387777,13325
1382207,13336
1387779,13350
1387824,13347
1387797,1672
1387798,1673
1389762,941
1387827,13374
1387821,13379
1421961,14002
1421117,14012
1421981,548
1423813,1166
1421131,14026
1421128,14032
1421124,14037
1421149,1168
1421150,1169
1423819,14052
1431890,1743
1435856,1298
1519984,14721
1527910,14723
1524896,1527
1539768,1527
1527012,14725
1527767,1528
1527909,14741
1524899,14756
1527920,1537
1529862,1548
1533798,1555
1531855,14796
1533767,14787
1411795,1702
1412766,1016
1414434,1017
1414432,1023
1414423,13714
1412763,13718
1412760,13727
1414413,13731
1417796,1030
1465766,14364
1466762,14375
1467774,14379
1479759,14384
1479761,14387
1479763,14393
1482765,14407
1490797,579
1476798,14415
1604929,790
1603338,15482
1604928,1902
1604919,15492
1604913,15500
1609774,15502
1604960,15502
1613083,15622
1614768,1908
1613075,15640
1613078,15648
1613129,807
1613053,15657
1605780,1908
1608773,15509
1607393,1919
1604950,15524
1604948,1905
1607817,793
1608774,15538
1609778,15554
1609780,15559
1566782,1687
1570114,1696
1573768,1703
1573767,15073
1574067,1840
1575769,1707
1577936,15090
1582776,15099
1582781,15104
1578768,15129
1613071,15666
1613104,1985
1426855,1262
1429781,1268
1429797,14168
1429022,14172
1429243,1281
1430759,14179
1434057,14183
1435829,14196
1435831,14198
1435818,14206
1434055,14208
1435821,14218
1434063,566
1360796,12867
1360794,12870
1360807,1637
1360809,450
1360770,12893
1360776,12896
1360783,12903
1360784,12904
1360785,12906
1613065,15585
1613050,15600
1613934,15591
1613924,15608
1613942,801
1612773,15614
1612768,15613
1613101,15628
1615044,1966
1613080,15619
1048279,9466
1050272,9474
1048255,9492
1048269,9486
1421970,1124
1421154,1125
1424890,1129
1421146,1137
1421978,1153
1421084,1155
1201273,10731
1204303,10734
1202247,10758
1204310,10783
1204351,10775
1204355,10776
1210242,10790
1204356,10792
1210275,658
1208243,10788
1206248,10804
1206252,10808
1206242,10828
1314044,396
1314032,12363
1314039,12372
1314040,12373
1317275,12388
1316015,12399
1318837,12409
1318910,822
1132265,1444
1132259,10034
1137243,10037
1137242,10039
1141252,10043
1250280,11594
1249301,11568
1249302,11574
1249309,11581
1250303,746
1421956,1117
1421111,1714
1220262,250
1221263,10958
1221269,680
1223248,10967
1221285,10981
1222277,11013
1222450,262
1222455,265
1222459,274
1222443,276
1224282,11069
1225246,11072
1234282,11090
1258247,11712
1256244,11726
1264252,11734
1264255,11747
1264584,11785
1266250,11791
1266249,11803
1266248,11804
1270245,11819
1273248,11817
1271270,11852
1271271,11853
1273247,11859
1311251,12045
1234285,1503
1232303,299
1232305,301
1232307,303
1234283,11130
1232269,11131
1234291,11149
1234245,11161
1236038,11169
1232284,11160
1232248,11166
1232291,11191
1232258,11196
1232282,11197
1232298,1513
1009178,8948
1015171,1332
1009241,1341
1009243,1343
1009244,1344
1009214,8986
1009200,8992
1013171,8993
1016214,9002
1012504,9013
1137246,10057
1141270,10062
1134273,10063
1140244,10067
1141254,10079
1141251,10092
1141281,10097
1141278,10114
1145254,10121
1141249,10100
1141276,10123
1145265,578
1145266,579
1145267,580
1141244,10142
1393794,13434
1393797,13439
1394183,13446
1394175,13448
1393806,1681
1290290,11940
1290279,11956
1204302,10750
1201271,10729
1421155,1171
1423827,1728
1423832,552
1424887,1184
1424885,1186
1424870,14064
1424874,14080
1424894,1197
1055297,501
1050274,9543
1050276,502
1055298,507
1052541,9581
1051256,9606
1055300,516
300000024669468,9638
1039273,9350
1041242,9365
1036244,9354
1036247,9357
1041243,1387
1039277,9366
1039596,9373
1330787,12723
1330770,12742
1330791,12743
1330852,853
1330792,12744
1330841,1624
1330845,1627
1330847,1628
1438902,14254
1439010,1321
1439012,1323
1438763,572
1409181,13665
1414406,13674
1414411,13687
1411789,13688
1411786,13689
1048266,9494
1050277,496
1050278,497
1016172,9069
1494782,14544
1498780,14565
1499777,1456
1496829,14545
1494779,14554
1496837,14572
1498787,14574
1415959,13797
1415326,13818
1415329,13821
1415332,13824
1415336,13828
1415337,13829
1416014,13848
1415961,13862
1415958,13868
1415769,526
1415774,531
1415768,532
1416763,13867
1416016,1709
1416028,1067
1389764,13398
1394186,13428
1026234,9191
1030225,9195
1030234,9194
1030240,1372
1094245,9780
1093246,9777
1095247,1423
1094251,9789
1421114,1718
1516790,1485
1365780,1645
1365781,1646
1360814,455
1363760,12940
1365778,12948
1363759,12950
1363771,883
1365767,12962
1365769,12964
1370759,12987
1366907,12991
1369786,887
1366917,13014
1516792,595
1518766,14658
1533796,14656
1518799,1500
1426800,14102
1555892,14944
1555859,14940
1553786,736
1555885,14968
1555882,14972
1555889,14978
1556768,738
1379773,471
1519988,1790
1518802,600
1518771,14685
1519986,14686
1429785,1232
1426836,14128
1426847,1242
1427762,14131
1429763,14152
1429775,1250
1426831,14160
1382910,13166
1382909,13167
1380942,13168
1379792,478
1380964,13176
1382758,13186
1524894,1796
1519974,1519
1524890,14708
1519995,1521
1522772,14717
1552779,14904
1551773,14915
1551777,1613
1589777,1865
1589774,15260
1592772,15262
1589779,1802
1591838,15272
1592780,15279
1591826,1810
1592792,1812
1591829,1814
1591832,15305
1592828,15323
1594070,1816
1594064,1818
1592215,15332
1581771,15150
1582774,15117
1582791,1715
1582792,1716
1582793,1717
1579969,1722
1579962,15138
1581813,1726
1581785,1844
1581768,15158
1533828,641
1532915,14832
1532926,14837
1533833,646
1536895,656
1536899,660
1536901,662
1536903,664
1536863,14852
1536952,675
1536953,678
1536958,681
1582884,755
1579979,754
1583341,15179
1583774,756
1583343,15192
1583771,15197
1583231,15199
1586786,15220
1583367,15218
1583368,15219
1581788,1848
1581778,15168
1583357,1736
1583363,1742
1533785,1807
1533774,14810
1533788,1561
1532922,14820
1532907,14824
1532906,14825
1599009,777
1599015,15360
1601974,15363
1599297,15354
1599311,1838
1603341,1877
1604958,15370
1599012,784
1603342,1878
1603767,1853
1601949,15437
1601947,15441
1601958,1874
1558797,14987
1558798,14988
1558772,14983
1558773,14984
1558780,1647
1558781,1648
1560778,15004
1564771,15039
1603346,1881
1600979,1857
1599293,15406
1599302,15408
1601927,15410
1633022,1926
1634038,2101
1633606,2104
1634484,15930
1633602,15931
1634025,1937
1633636,2091
1631538,2092
1631519,15795
1633644,15893
1633004,15912
1634019,15914
1629279,15789
1633026,2061
1631515,15839
1629414,15837
1629415,15838
1634036,2070
1629430,15845
1631526,15860
1636003,15867
1631543,15868
1642743,16260
1642746,16261
1642753,2243
1645141,16265
1650238,16272
1650240,2265
1673285,16277
1681368,2285
1673280,16278
1673273,16286
1681356,16307
1617836,2042
1629287,2049
1629426,2056
1704244,16453
1708267,2354
1683237,16320
1683244,16323
1680298,16314
1680297,16315
1773378,16873
1773393,2596
1809737,2766
1811709,17330
1812673,17334
1813972,2772
1812697,17343
1811714,17345
1812665,17354
1796686,17208
1796684,17214
1828978,17465
1981292,18908
1981311,3771
1979303,3776
1978558,3784
1981308,2226
1984560,18950
1980334,18951
1980336,18956
1981305,2236
1980339,18964
1984548,18967
1984552,18979
1984553,18980
1985284,18985
1985285,18986
1981285,18975
1984277,19025
1984739,3802
1986278,19033
1987578,2240
1990285,19067
1990283,19074
1836409,31
1835254,2899
1835253,2900
1835315,17564
1837087,2902
1837090,2905
1840969,2910
1875530,17908
1880167,3143
1880171,3148
1881296,17922
1880254,3159
1955981,2201
1956974,3617
1960245,18672
1956029,1007
1960977,18678
1961969,3633
1959971,3629
1960980,18712
1960988,18703
1960985,18706
1962282,3639
1821982,2819
1821988,17408
1829590,17426
1821250,2828
1828971,17452
1681376,16366
1686261,2311
1686260,2312
1686255,2320
1686256,2321
1686242,16371
1634031,1938
1633581,15934
1634041,2105
1633576,15957
1633579,15958
1633592,15966
1633595,15972
1633610,37
1615867,1990
1615800,15699
1615805,15705
1615807,15707
1615817,15718
1615818,15720
1615825,15731
1640583,16086
1640597,2166
1640562,16126
1708250,1974
1712278,16450
1644004,2225
1642737,16231
1642562,16240
1642534,2235
1642727,16250
1642733,2239
1770572,16802
1770836,2547
1769168,2550
1769165,2552
1769162,2556
1769159,2560
1770826,16828
1769178,16839
1743428,16588
1743434,2407
1741239,2410
1739241,2417
1748248,16604
1744238,16605
1780568,2628
1780619,16986
1780563,16998
1780554,17012
1753267,1997
1753262,2000
1752241,2432
1753461,2005
1793592,2700
1793594,17148
1796434,2707
1799356,17165
1799345,17178
1799340,17183
1770287,16785
1770758,2533
1770582,2534
1902990,18186
1902272,18197
1902265,18205
1901490,18219
1904153,3298
1904161,3303
1901497,3309
1902994,18225
1901484,18230
1901489,18235
1780610,2644
1784328,2650
1785420,2661
1782670,17053
1914443,18353
1915034,964
1914418,18369
1914423,18376
1914446,18380
1920031,18379
1914472,3398
1914466,3404
1914480,3407
1921402,3416
1836273,17513
1835966,17514
1835971,17520
1836407,17544
1929502,18483
1940980,3513
1938001,3505
1938002,3506
1940981,3523
1940996,3524
1848080,17646
1847363,902
1863047,17673
1856000,17674
1849995,2958
1860967,3039
1867067,17773
1863048,17778
1863049,17779
1870291,3051
1870290,3052
1869502,17795
1869169,3058
1869164,17804
1880051,917
1875054,17864
1875161,3108
1875266,921
1875460,17899
1877977,3131
1877977,3135
1883079,17913
1884608,17916
1875528,17907
1915029,18320
1915025,18339
1914406,18347
1914129,959
1940976,18403
1920043,967
1921389,18425
1927278,18426
1922975,18421
1921212,18429
1928043,18433
1922996,18435
1921391,18436
1921398,3431
1921405,3438
1928042,18446
1970353,18804
1970360,18811
1969379,18822
1969390,3699
1969391,3700
1969393,3703
1971123,1021
1971131,1030
1973346,3713
1973347,3714
1973339,18847
1973343,3684
1978541,3727
1978539,3731
1978536,3734
1642017,16109
1642018,16111
1639065,1950
1643408,16142
1643417,1953
1642012,16147
1643425,2179
1642235,16165
1642247,2180
1643428,2181
1643407,16173
1643762,16177
1642440,16154
1927279,18454
1928066,3462
1928070,3465
1928045,18464
1930051,3478
1929979,3480
1929978,3481
1930044,18468
1928072,3476
1929504,2193
1644005,2199
1643989,2201
1644012,2210
1644000,2212
1643980,16212
1643773,2219
1643758,16217
1643992,2223
1642251,2191
1770262,16753
1770274,16766
1704248,2327
1692244,16415
1773399,2605
1773358,16891
1773565,16901
1773356,16905
1773379,16909
1773561,2610
1774547,16917
1773585,16921
1777904,16933
1777981,16936
1777974,16944
1777973,16945
1777911,16947
1777910,16951
1779330,16956
1777991,2617
1779340,16957
1777989,16965
1714239,2369
1722411,16487
1735255,16521
1737272,2378
1737250,16505
1737903,2379
1852409,2987
1853979,2990
1855116,2995
1855119,2995
1855967,17728
1863031,17730
1853970,2119
1869170,3016
1751238,16622
1751246,16608
1748238,16621
1741244,862
1751239,16625
1748662,2430
1753263,1993
1753264,1994
1869165,17808
1869167,17809
1873159,17828
1877969,17833
1873999,3083
1873997,3085
1873158,17852
1878994,3102
1770243,16704
1769253,2501
1769243,16711
1770241,16716
1770240,16718
1770280,16729
1769241,16734
1769242,16735
1769251,2510
1769416,865
1884647,3172
1883978,3186
1884606,17951
1884972,17965
1884643,3197
1883066,3200
1884974,17969
1760240,16649
1753470,16661
1753501,2452
1753483,2455
1753481,2460
1753486,2464
1753491,2468
1753504,16666
1758332,16674
1758336,2007
1758322,16675
1758339,2484
1761238,16693
1885130,18011
1884585,18019
1884594,18024
1885152,3223
1886235,18038
1885145,18046
1773549,16849
1773548,16850
1773360,16851
1889264,3233
1893986,3235
1894474,18075
1894473,18076
1889260,18082
1902984,18095
1889424,3240
1889247,18100
1889419,18110
1894462,3245
1897405,18117
1897407,18120
1894466,936
1894449,18129
1849088,2967
1849403,2112
1849397,2115
1853971,2993
1902282,18240
1907048,3330
1902978,3331
1904136,2173
1904133,2175
1884622,2152
1884603,17973
1887122,929
1883077,17978
1885148,17997
1884616,18006
1884590,18008
1904147,3347
1904160,3350
1904124,18276
1904127,18281
1907091,18297
1912973,954
1915032,18315
1902969,2162
1894477,3263
1964071,18754
1964067,18758
1964626,18765
1964627,18763
1965085,3675
1965088,18768
1970374,18772
1970345,18795
1948804,18608
1948803,18609
1951969,18621
1963371,18622
1952969,3589
1953113,3592
1953114,3593
1953346,18638
1958986,3620
1962171,18725
1962305,2210
1962299,3651
1962290,18727
1962309,3654
1962297,2211
1963006,3652
1963188,3660
1963365,18589
1963366,18590
1962382,18744
1962386,2213
1975285,18855
1975284,18856
1978552,3736
1975289,18857
1978542,3737
1974486,3744
1976384,18861
1975459,18874
1979413,3749
1976277,18878
1981280,18887
1974488,1036
1978562,18895
1977483,18901
1977484,18917
1981283,18905
1635130,16008
1638079,16007
1635134,16021
1637264,2119
1637290,2124
1637278,2145
1637259,16035
1637254,16038
1638338,16051
1638339,16052
1640601,839
1642031,1945
1642034,1947
1735247,16545
1737265,2395
1737263,2398
1737902,2400
1735253,16565
1940994,3526
1941972,18534
1941004,3532
1949001,18550
1947081,980
1947082,981
1947086,985
1948414,18584
1948159,18586
1948424,2196
1948422,18593
1960247,43
1953110,18595
1792368,17101
1788327,17091
1788333,17095
1789331,2679
1790329,17096
1813975,2790
1813980,17359
1821994,17369
1821984,17370
1822054,17379
1821991,17383
1827054,17396
1615843,15737
1615834,15749
1616802,2015
1616803,2016
1616805,2018
1616812,2029
1840974,2915
1841107,17592
1848069,17603
1846968,17623
1848101,17631
1848108,17634
1846969,17629
1848110,2942
1792332,17114
1793608,2054
1793601,2057
1790331,2685
1793610,2060
1792381,2692
1793589,17137
1803680,2074
1800418,17239
1801739,17242
1801742,17247
1801741,17248
1802665,17249
1802853,17258
1806652,2744
1806651,2745
1802856,17272
1808900,2751
1807238,2753
1806999,17290
1808892,2757
1808890,17294
1811705,17298
1811703,17311
1809694,17320
1809730,17323
1835122,17486
1830966,17491
1831971,2870
1835977,2871
11450,244
14349,256
14354,256
14357,256
14473,270
14465,276
19368,291
15970,290
15946,290
14461,290
15952,292
15976,293
15965,314
14584,333
14576,337
17351,352
14293,174
10400,172
9359,171
9351,159
11446,184
9227,188
12180,204
9365,212
12164,213
12181,208
14517,24
14514,25
14513,28
12170,211
12168,211
14439,214
12153,219
63076,248
14370,262
14378,264
14392,267
14408,267
14337,269
14341,271
15969,271
14428,271
14434,272
14299,231
14307,232
1863985,17762
4014,8
4011,14
4269,36
4272,55
7011,66
7006,73
6490,97
14297,106
63059,126
7048,130
9232,8
7050,10
7906,142
7898,147
7903,147
14292,143
7914,11
14319,167
29435,667
35029,685
35055,136
35044,691
35032,697
35015,697
35072,702
42013,716
42044,720
42048,720
42027,717
42074,733
42040,726
42050,737
42052,737
42061,737
44759,825
46215,849
47508,859
46221,878
47512,880
47489,901
20607,496
23421,101
23407,504
23411,518
23376,522
24033,530
24035,530
23365,520
24028,526
24044,539
24055,539
24079,546
23501,547
26432,565
26431,566
26430,567
26415,550
24081,554
24089,571
24124,572
24090,574
26428,573
20029,403
20032,403
20033,403
22164,410
19386,421
19390,425
19391,426
19394,426
19396,428
19397,428
21144,443
21145,444
21149,444
21161,446
21164,447
21168,447
21169,447
21175,447
21186,449
21227,451
21230,451
21237,451
21258,451
21263,451
21351,94
21293,469
21296,469
21297,469
21322,471
21362,474
21365,474
21280,471
21285,472
21286,473
21372,477
23367,484
22165,495
42062,747
43379,764
43380,769
44723,776
42085,163
42077,770
42082,774
42091,777
42119,783
46206,179
42120,789
42149,792
42127,791
44761,795
42147,800
44737,812
26418,582
26420,590
27047,605
42028,607
25389,603
26445,629
26441,629
27050,630
30193,642
30191,644
29426,654
16069,342
16071,342
16073,342
17320,345
17326,345
17333,347
17339,347
16119,56
16120,58
16122,65
23385,368
17378,374
17380,374
17384,374
17388,375
17412,393
17420,393
17405,396
18016,402
73137,1292
73147,275
68565,1307
68567,1309
69088,1315
69096,1332
73112,1336
73125,1371
73138,1379
73139,1380
65115,1211
63064,1221
65127,1233
65129,1237
65132,1240
65126,1253
66499,1255
66500,1255
65134,1249
65124,1250
68140,1256
68148,262
66503,1262
68142,1264
82317,1525
82318,1539
76862,1545
76865,1549
76867,1551
76861,1571
76860,1573
82314,1577
82324,1585
82354,1594
83158,1614
84290,1606
53027,1005
53036,1013
54704,1023
54708,1035
54709,1036
56053,224
56059,225
55025,1030
63028,1042
56049,228
56066,1046
56042,1050
56074,1063
56075,1064
63030,1068
56040,1053
57338,1067
63031,1072
63054,1080
59033,1084
59479,1092
59043,1095
63033,1103
59056,1104
66493,1110
59470,1112
59472,1114
59475,1125
63043,1133
63044,1133
61270,1122
65117,248
61274,1163
62241,1179
62248,1168
62252,1183
63037,1190
48029,900
48031,903
47558,205
48039,920
50015,928
49576,936
49577,938
51017,942
51019,944
51032,954
54714,986
56064,991
54030,996
54028,997
54026,999
73156,1384
73150,1386
74571,1396
73222,1418
73224,1421
74494,1428
74572,1431
74580,298
74556,1450
76173,1474
76157,1460
83159,1483
76180,1486
77158,1501
78154,1502
84253,1639
84249,1647
87158,344
96290,1674
101298,354
128199,2345
128186,2341
128187,2342
128421,2365
130168,2378
131191,2391
131187,2395
136256,456
136158,2410
136156,2413
119426,2223
118182,2216
121182,2250
121174,2254
121242,2262
124159,2285
124161,437
124154,2286
128164,2298
127172,2328
113175,2124
114155,2128
113168,2154
111513,2161
115470,2168
117165,2194
103524,1988
103530,2005
103548,2010
106384,2024
105423,2025
106392,2037
106380,404
106382,406
113154,2061
110168,2072
110201,2088
110173,2091
110191,413
90158,1685
91165,1692
90162,1693
91171,1694
91168,1706
91179,1704
96286,1711
91185,1724
91184,1728
91169,1742
96279,1774
96248,1788
101269,1805
96276,1810
100157,1829
100164,1843
100165,1844
100518,1850
101164,1861
100524,1864
101172,1869
101273,1892
101274,1893
103500,1924
103499,1925
101292,9
101301,388
101303,382
103537,391
103523,1958
103542,397
103527,1968
103511,1979
103509,1986
201162,2843
200180,2836
201158,2852
222163,2864
206159,2877
218324,529
212178,2882
218325,532
212168,2904
212181,2904
218297,2912
212179,2922
218301,2932
218309,2949
218316,2954
219158,2946
221159,2965
227170,2991
227182,3007
227187,3016
227189,3018
227196,3023
231164,3025
227211,541
231162,3028
227213,543
188160,2724
191160,2728
184163,2735
184164,2737
184170,2742
184193,512
184173,2757
189167,2773
189160,2775
189166,2780
200169,2794
201164,517
200159,2802
200194,2807
200193,2808
227199,3033
231157,3056
240187,3095
232584,555
232560,3104
232557,3107
232570,3112
134523,2427
136180,2442
136234,2464
136239,2471
139194,469
139171,2475
139172,2479
139160,2480
139175,2485
139195,470
139183,2498
148167,2513
146166,2527
146158,2544
146159,2545
153220,478
155159,2563
155173,2587
155157,2574
157159,2594
161168,2599
160163,2605
162162,2614
161170,2621
161158,2623
161180,491
161163,2636
162159,2643
162160,2648
165157,2669
173157,2673
173161,2682
170157,2685
173173,2692
173176,2695
184160,2715
184162,2716
250781,3447
250742,3456
250758,3460
253647,3433
253659,3498
253638,3485
253642,3496
253645,3521
253696,624
253669,3535
247714,596
247721,3338
249669,3341
249678,3348
249682,3365
249574,3409
249568,3396
249580,602
249579,602
249582,602
250731,3420
250748,3422
250769,611
257166,3613
256531,3619
260502,3623
259172,3628
260500,3646
263162,640
263159,3663
265164,3670
265165,3672
265167,3676
275165,3692
246165,3246
246660,3254
246662,3265
247673,3290
247674,3291
247699,592
247692,3317
247687,3323
232571,3106
232569,3108
241685,3130
245230,3154
244920,3169
244933,3160
244949,568
244947,568
244942,3180
246164,3201
246160,3202
245233,3209
246168,574
246167,578
245248,3212
246659,3237
256472,3546
256167,3549
256162,3557
256172,3569
256484,3571
256160,3574
256177,3560
256175,3562
256476,3577
257163,3594
257169,627
304164,3928
309204,3930
298164,3940
296205,3945
296212,3949
304162,3961
298175,3971
298191,3977
298197,3977
304184,3981
304168,4001
303183,4028
279198,3703
279170,3710
275170,3709
279165,3715
279183,3730
279185,3734
279174,3757
283179,3798
283160,3802
283204,3807
283190,3819
283186,3829
283178,3833
309208,4020
309193,4056
309177,4050
309182,4061
309184,4064
309206,4079
309225,4074
309234,696
309222,4077
309245,702
309243,4095
283197,3836
284165,3837
284174,662
289173,3867
289184,673
289161,3873
289182,3878
290159,3889
291159,3894
294168,3914
296209,3917
294160,3898
327227,723
327228,724
327230,726
327184,4288
327171,4280
327167,4290
329159,4298
329164,4302
333491,4314
337159,4317
347163,4332
341187,734
341171,4346
341179,743
341184,748
347179,4364
348170,757
356359,4394
347169,4380
348163,4400
348160,4402
327173,4165
327179,4166
327224,716
320177,4186
320182,4204
327206,4201
328159,4217
321159,4218
321160,4228
327195,4238
328163,4229
327208,4264
326159,4265
348171,758
356370,4415
351159,4416
348161,4417
351162,4429
356374,4444
352160,4454
356365,4468
356378,4470
356394,770
356361,4472
356387,4481
355429,4473
356377,4489
356382,4490
355454,32
312162,4098
313162,4110
328172,712
320199,713
327172,4162
406165,4895
406172,4906
406195,4922
416165,4945
416182,4947
416170,4939
416173,4956
416161,4957
416162,4960
416186,4967
423160,4978
423162,4989
431160,4973
424167,4995
424184,4999
430190,5025
425160,5026
425162,5036
430201,849
430184,5076
430165,5060
430163,5070
446160,5092
366174,4608
366238,781
366239,783
366201,4585
366224,4617
366228,4621
372177,801
372163,4655
372165,4657
372175,799
374161,4678
375168,4682
440167,5131
440166,5138
440183,876
447161,5157
453168,5172
453164,5173
474172,5176
453161,5185
453166,5187
454163,5189
489190,5199
479265,5223
377166,4690
381160,4695
381167,35
380171,4704
377170,4715
377172,4715
381172,4717
379226,4738
379231,4738
384160,4751
384161,4755
388177,4758
393180,4762
397280,4773
393163,4776
403396,4777
393159,4798
397287,4801
397276,4805
397305,816
403448,817
403400,4810
355432,4498
355430,4503
355434,4505
355435,4509
355438,4513
355453,4516
355449,4525
355424,4526
355475,4518
355474,4540
366216,4576
366190,4551
366177,4564
405237,4823
403382,4835
403370,4841
403447,4858
403441,4853
406169,830
665169,6059
665168,6064
645178,6069
645210,64
620175,5909
620201,1019
616196,5921
620193,5932
616212,5939
620189,5936
616167,5950
645199,16
617166,5953
620169,5966
665181,5979
623169,5983
631171,5986
631173,5992
631182,6006
516166,5454
505166,5436
512206,943
524218,5484
524176,5488
524186,5505
512178,5522
527182,5541
527185,5545
489199,5228
475171,5244
487254,5253
778229,5247
489203,5256
479260,5268
489212,5285
479273,5259
479270,5262
479271,5263
489209,5271
487247,5315
489201,5328
489202,5329
489196,5337
489183,5326
487253,5351
778236,5673
560172,5682
567178,983
567179,984
567174,5695
571166,5701
567172,5690
573166,5703
586168,5704
601176,5706
601180,5707
601198,5713
601202,993
601203,994
645189,6041
645205,53
645207,55
645202,57
631180,6055
601201,1002
607168,5749
607172,5752
601187,5773
607182,5777
601170,5811
616177,5830
607203,5829
616178,5846
607174,5847
616170,5853
616210,5865
616169,5881
616203,5873
616204,5874
616211,5876
616190,5895
620176,5899
616199,5900
620197,1022
620173,5906
524214,5569
524170,5589
540173,5620
527167,5624
709188,6244
708189,6406
708176,6412
708202,6419
709166,6428
709195,1090
709181,6451
710175,6463
709172,6464
710167,6482
709198,6473
709204,6475
710180,6498
720166,6520
747241,6696
665208,1053
646179,6097
665212,1056
665213,1058
656167,76
656168,77
665215,103
677176,6137
665186,6142
666170,6183
667168,6186
673172,6191
667170,6193
684194,6203
684190,6207
677167,6206
678167,6229
684203,1068
684204,1072
720170,6530
737169,6534
747274,6563
737205,153
738194,6586
738173,6601
738179,6609
747242,6617
747167,6604
747250,6610
810166,6632
810168,6632
810172,6632
747224,6637
747223,6638
747221,6640
747220,6641
747214,6649
738182,6651
747256,1099
684188,6273
684184,6261
684209,129
704194,6312
691166,6296
708184,6298
705170,6300
704213,6308
704196,6314
704180,6326
704215,6339
708168,6357
708173,6361
704211,6351
708204,133
704172,6366
704209,6384
708201,6402
759183,6825
760192,162
759194,1118
759186,6841
760175,6853
760176,6866
759197,6875
770176,6899
778261,174
774182,6893
747174,6720
747170,6725
752219,1110
752223,1111
778244,6992
825196,176
774187,7003
774214,1137
778241,7007
774171,7023
774183,7024
774184,7025
784167,1138
778198,7054
778272,7059
778271,7065
781177,7070
781191,1145
779805,7104
782175,7133
782195,7128
782178,7134
782202,195
781211,7146
781200,7149
781174,7155
782170,7160
794205,197
794209,201
794210,202
790207,7171
786169,7166
794187,7182
790204,7206
794201,7221
790182,7223
794176,7224
794182,7202
794181,7229
790195,7250
791167,7251
796185,7282
796170,7279
805182,210
803180,7286
805183,211
803213,7302
803214,7302
747188,6737
747190,6741
747181,6743
747263,6764
759208,6774
752176,6802
752195,6816
753166,6819
752188,6823
752193,6826
769168,6928
768170,6934
768171,6936
774205,1123
770168,6955
770167,6958
774186,6967
774192,6969
774188,6979
774173,6971
833172,7566
833194,7580
836168,7582
836166,7590
849515,1204
803221,1162
805177,1168
805185,213
805167,7361
805186,214
805187,19
804170,7390
804166,7391
804169,7393
825195,7415
825189,7424
825188,7427
828177,7435
825175,7436
825180,7444
825210,7445
836176,7618
837167,7628
837177,7640
844197,7674
844183,7676
849472,7709
849478,7712
1008171,1201
1008172,1201
828201,7447
828223,7450
828254,7456
825185,7463
825191,7472
825169,7473
828166,7479
825204,7480
828182,7485
828248,7493
828250,7496
839171,7500
828193,7511
828194,7515
828189,7516
833175,7529
828244,7531
828187,7537
836184,223
833213,225
833211,229
828268,1182
862253,1216
862172,7844
867170,7853
862451,275
862452,276
865171,284
862267,7865
862266,7866
872189,7874
872209,292
870170,7888
872184,7901
876228,1224
872196,7922
871337,7927
871341,7939
871361,7943
876193,7957
876204,7960
876217,7961
876199,7971
876185,7972
876213,7983
876197,7976
876220,7982
876181,7985
876218,7990
932631,1242
988207,8115
922464,8116
932602,8118
923175,8124
876234,43
895182,1236
896177,8021
895170,8022
896170,8024
910211,8030
910174,8041
900456,8047
910224,305
910226,306
910199,8058
910183,8074
913471,8098
922467,8100
922468,8102
849497,7720
849476,7726
854171,7741
849468,7734
849482,7739
849496,7739
851181,7754
850175,7756
849508,7760
855179,7765
855181,7765
851182,7778
851183,7780
855189,7792
855201,257
862175,7796
862203,7798
862210,7798
862220,7798
862222,7798
862237,7805
862190,7810
854174,39
862225,7816
862187,7818
862196,7819
862230,7829
872195,7920
871353,7913
932612,8143
932603,8151
932590,8154
932615,8155
932595,8160
932632,1243
958503,1301
958453,8572
958514,85
958537,8577
932618,8178
932619,8179
932613,8184
932604,8189
932642,1256
938402,8203
938410,1260
938227,57
938399,8210
938377,8222
945493,325
938416,330
945483,1261
938413,332
953346,8363
953331,8374
953294,8378
953358,1272
953366,363
965233,393
965200,8626
965185,8627
964379,8632
965216,8643
965227,8649
956623,8457
955733,8460
956634,8487
956630,8484
956616,8490
958512,385
958470,8499
955744,8505
958445,8510
958501,1286
958502,1287
958488,8524
958482,8525
958440,8532
960181,8545
960172,8547
958434,8551
958435,8551
958490,1292
958425,8564
958485,8559
958461,8424
953353,8422
956604,8432
953376,377
956611,8448
945487,1265
938379,8214
938380,8215
938369,8217
938408,8235
945403,8242
945467,8244
945460,8246
945433,8250
945450,8250
945402,8273
945514,68
945415,8280
945416,8281
945405,8283
945473,8290
945474,8291
945418,8296
945412,8298
945530,8308
945526,8310
945528,8312
944989,8319
965202,8666
965223,8670
965194,8688
965190,8695
1009226,1327
1009181,8941
1009236,1329
983174,8845
983172,8855
983176,8860
990183,8870
1001177,8885
1001190,8887
1001179,8896
1009247,429
1003187,8924
1003172,8930
1009184,8936
1009230,1328
1012522,9011
1012556,114
1012553,118
1012530,9039
1012532,9050
1016217,1355
966792,8703
977235,8713
966777,8716
966847,1320
977221,8771
977239,8779
976197,8781
977179,8815
977266,102
977247,1322
977899,409
977178,8810
977174,8813
977176,8817
977195,8836
966801,8734
966843,1315
966817,8772
977231,8768
1539769,727
1542775,1590
1542770,14871
1549771,1593
1549766,14878
1555848,14881
1548817,14896
1549780,14899
1552768,14902
1552783,14885
1434054,14225
1431872,14226
1431871,14227
1438909,14236
1431873,14252
1439003,1747
1435844,14247
1481778,14435
1481902,14441
1490811,14462
1490821,14472
1490822,14473
1553773,14953
1448763,14334
1457758,14332
1460758,14357
1490790,1769
1481903,14448
1484763,1403
1493762,14499
1490831,1435
1492761,14520
1492758,14523
1496830,1778
1496832,1447
1494767,1441
1496828,14527
1234399,1521
1234413,1521
1234338,1521
1234339,1521
1234348,1521
1234370,1521
1234384,1521
1234395,1521
1234430,1521
1234432,1521
1234463,1521
1234274,11226
1234295,11230
1238253,11249
1235504,11261
1235508,11265
1236044,11269
1236244,322
1236052,715
1236247,11291
1282313,11874
1282303,11885
1282306,11892
1285265,780
1287267,11915
1282298,11919
1285263,1559
1285266,11933
1147294,583
1145259,10173
1147306,10187
1148247,168
1152742,1453
1150251,10229
1154250,10234
1153251,174
1154246,10238
1154252,594
1153249,1455
1104283,9864
1106263,561
1118257,9893
1113570,154
1118246,9867
1113572,9932
1114296,9943
1118243,9956
1118266,9964
1120248,9972
1140247,9972
1153250,1456
1154248,10241
1152504,10276
1159243,10291
1162532,10310
1163256,10313
1163253,10317
1161281,181
1064253,9646
1064277,9649
1064292,526
1064260,9661
1064278,9663
1064283,9676
1064281,9679
1064280,9688
1065251,9697
1076248,9714
1083242,9725
1082242,9724
1088242,9728
1088251,9729
1096242,9730
1106253,9734
1106254,9736
1182400,10588
1182395,10591
1183243,10594
1182401,10596
1183270,628
1183276,636
1183245,10607
1191248,10657
1197242,10673
1200253,10693
1165251,1465
1165246,10371
1200265,1486
1225243,10699
1202253,10714
1106246,9847
1016205,9080
1013172,9083
1016186,9097
1016194,9099
1016177,9103
1016222,120
1016183,9105
1017237,9130
1017239,9132
1016176,9120
1017249,9145
1022225,9154
1022326,9158
1023226,9166
1023231,459
1026239,460
1166251,10385
1170587,10390
1171290,10405
1171276,10445
1171277,10446
1234265,11215
1168248,10421
1170600,10424
1170602,10427
1170588,10433
1171270,10456
1171274,10460
1170610,614
1170609,10458
1170592,10464
1170583,10480
1171289,10487
1172254,10495
1173245,10496
1172262,10513
1181244,10532
1173252,10537
1177309,10558
1173256,618
1177305,10575
1183263,10578
1207309,10830
1210244,10831
1210247,10844
1210257,10861
1211242,10863
1210250,10875
1214243,10879
1214254,239
1206535,10885
1206537,10886
1212243,1495
1217250,10894
1213583,10895
1221250,10896
1217243,10905
1214247,10907
1214256,245
1213575,10901
1213579,10911
1221252,10923
1221254,10925
1213586,1499
1218247,675
1218246,10946
1218244,10948
1292258,11954
1287271,11965
1294264,369
1290289,11966
1290272,11980
1300262,11984
1303613,11984
1292259,12007
1296252,12021
1294253,12023
1294259,12032
1294250,12035
1294251,12040
1094257,9803
1100242,9824
1100248,9825
1104272,9843
1241266,11450
1241267,11463
1245242,11480
1253252,11480
1245245,11487
1246251,11491
1247312,11492
1251242,11498
1248245,11507
1248254,11561
1249254,11541
1249253,11546
1250292,11554
1250320,11617
1250316,11620
1249884,11640
1250324,347
1251248,11654
1251301,11662
1253243,11672
1256246,11677
1251304,11681
1253253,11683
1264260,349
1255332,11702
1039612,484
1039611,490
1039600,9391
1041244,9406
1041254,9411
1041255,9412
1043559,9424
1043563,9432
1044244,9434
1046246,9444
1048302,494
1048283,9446
1046245,9452
1046243,9465
1051260,1393
1130245,10007
1132243,10011
1132257,10032
1237330,11300
1238245,11309
1242319,11327
1237346,11351
1242351,11353
1242245,11354
1239802,332
1240272,11379
1240268,11403
1241251,1532
1242330,11405
1251247,11407
1297246,12075
1308265,12080
1311249,12080
1304322,12054
1298282,12088
1297249,12086
1303271,797
1304257,12149
1304266,12164
1304307,12192
1304323,12208
1304328,390
1311257,1575
1310246,12240
1310247,12246
1234264,316
1234329,1521
1234324,1521
1234312,1521
1234403,1521
1234424,1521
1234343,1521
1234344,1521
1234365,1521
1234366,1521
1234368,1521
1234389,1521
1234391,1521
1325796,12598
1325837,1602
1325835,1602
1325818,1602
1325815,1602
1325814,1602
1325906,1602
1325900,1602
1325892,1602
1325886,1602
1325880,1602
1325873,1602
1325872,1602
1325871,1602
1325857,1602
1325856,1602
1325852,1602
1325849,1602
1325923,1602
1325914,1602
1325988,1602
1325977,1602
1325967,1602
1325959,1602
1318839,12425
1318838,12430
1317287,411
1321762,12446
1318849,413
1318915,824
1318914,828
1319222,12457
1318906,12477
1318898,12479
1319224,12494
1320821,12505
1320823,12511
1321769,839
1320861,12544
1323761,12562
1321786,12559
1314765,12265
1311265,12272
1313756,817
1330846,1630
1330812,12748
1330814,12750
1330818,12754
1330761,12792
1330838,12796
1331757,12810
1332757,437
1326080,1614
1326056,12641
1326084,12648
1360790,12915
1360792,12917
1362759,12922
1033275,1375
1033266,9220
1033264,9233
1033252,9236
1033372,9259
1033374,9270
1035250,9302
1033371,9306
1033363,9312
1325945,1602
1325930,1602
1325929,1602
1326040,1602
1326038,1602
1326009,1602
1326007,1602
1328797,1610
1314002,12336
1313999,12337
1314006,12345
1414439,1037
1414448,1042
1416029,1044
1417787,13772
1414445,13774
1417797,1050
1414771,13777
1342757,12830
1344758,12835
1359758,12862
1359775,447
1393809,1683
1393811,1686
1394337,13462
1397759,13471
1394188,957
1394321,13470
1394312,13496
1394190,499
1394315,13505
1326090,12679
1328779,12686
1328764,12691
1409759,12706
1439013,1331
1438997,14275
1440833,14290
1440887,14299
1440895,1339
1440827,14304
1446771,14312
1446762,14317
1366920,13026
1369780,893
1366932,13057
1373287,13057
1368759,901
1369767,13059
1369774,906
1366937,13068
1366943,13075
1366944,13077
1370763,12989
1417758,13875
1416768,1068
1416005,13883
1416025,13891
1417782,13886
1417792,13894
1416770,1076
1416772,1083
1417781,13922
1416810,13924
1417800,1090
1417804,13934
1418645,1103
1421063,13955
1420759,13965
1420764,541
1399779,964
1407030,13537
1399774,13544
1399775,13545
1399780,966
1401775,975
1406784,13551
1406761,13575
1407758,13584
1406767,13587
1406766,13595
1408057,1692
1409761,13646
1408778,13640
1516778,1478
1516775,14618
1516759,14620
1516761,14623
1518770,14638
1515759,14639
1516785,1785
1380967,13199
1380971,13205
1380951,13213
1380952,13223
1380953,13224
1382759,13226
1382907,13246
1380988,13259
1382050,13267
1382036,13280
1382126,13296
1382129,13302
1382122,13315
1387785,13338
1387813,13351
1387801,1676
1387808,13363
1389033,494
1389056,13382
1421092,14000
1421091,14001
1421127,14015
1421102,14020
1423818,14029
1423815,551
1435858,1296
1431882,14223
1534819,1524
1527760,14738
1524901,1531
1527913,14764
1532939,1549
1530771,1550
1530773,1552
1530763,14784
1533782,1803
1531857,609
1533781,14788
1414436,1019
1414431,1022
1412767,1026
1411777,13721
1414417,13726
1412768,1028
1414765,13732
1414405,13735
1414419,13738
1414420,13740
1414412,13753
1466764,1365
1481758,14403
1481768,14425
1605783,1895
1605781,1897
1604937,15484
1604925,1903
1604921,1897
1604909,15493
1604911,15498
1604912,15499
1613090,15658
1613102,15654
1604954,1932
1607804,15522
1607805,15523
1607807,1927
1604947,1904
1607424,15535
1608990,15551
1608995,15567
1563801,15031
1566777,1669
1566771,1672
1566772,1673
1566773,1674
1566768,15043
1568770,1681
1568774,1686
1568768,15047
1568767,15049
1570113,1694
1570112,15063
1574065,744
1574069,1710
1577937,15098
1579973,1714
1609051,15568
1613079,15572
1613055,15669
1613089,15670
1613126,811
1613131,813
1429792,1271
1429793,1272
1435828,14195
1435814,14201
1438901,14212
1435833,14213
1435822,14215
1435841,14216
1435823,14219
1435838,14220
1435854,1291
1359762,12868
1360795,12871
1359765,12881
1360786,12907
1613087,15589
1613119,1948
1613930,15586
1613931,15605
1613112,1963
1615844,15632
1615846,15635
1048249,9461
1048278,9464
1421121,13974
1421977,1133
1421085,13977
1421095,13979
1421077,13987
1423829,1154
1421967,1156
1202242,10738
1200465,10756
1204354,10779
1210267,1492
1204353,10814
1210277,649
1206253,10809
1207310,1494
1206256,10813
1314029,12359
1316011,12394
1314038,12371
1318890,12380
1317279,402
1317282,406
1317285,409
1321763,12438
1132264,1442
1134262,10041
1132246,10044
1249332,1549
1253250,11616
1250287,11605
1250318,11607
1249308,11580
1249310,11582
1250301,742
1421119,13969
1421132,13971
1218248,249
1221268,679
1221272,683
1221275,686
1225242,259
1221259,10968
1221246,10972
1222425,11002
1222429,11006
1222273,11016
1222274,11017
1222458,273
1222442,280
1222440,283
1224248,284
1222466,290
1222467,291
1225250,11048
1224283,11069
1232251,11093
1258248,11721
1258249,11725
1262254,754
1262247,11742
1264251,11745
1263247,11735
1262253,1554
1262251,11759
1265246,11765
1272254,11769
1264261,358
1269257,11796
1272255,11821
1272252,11829
1271272,11854
1274245,11861
1232301,1506
1232268,11143
1234257,704
1232255,11186
1232312,310
1234249,11172
1232276,11203
1009224,8953
1009238,1335
1009250,434
1009251,435
1009202,8964
1009205,8976
1009216,8979
1009196,8968
1012495,9001
1134280,1449
1134264,10054
1134274,10075
1140253,10088
1140245,10068
1134277,10072
1141257,10082
1141272,10089
1141268,10116
1141287,10102
1147310,10131
1147608,10134
1393795,13438
1393802,13444
1285257,11939
1287260,11952
1287261,11953
1421126,14041
1424876,14059
1424869,14065
1424888,1191
1050262,9540
1050254,9532
1050250,9544
1050273,9545
1050247,9551
1056259,505
1050268,9563
1051244,9584
1066244,9613
1052637,9620
1052633,9627
1064273,9638
1064258,9642
1036243,9343
1039279,9338
1039272,9348
1039275,9364
1036258,9349
1036249,9356
1037242,9361
1039468,9374
1039597,9377
1039469,9370
1330789,12729
1330783,12740
1330839,1619
1330844,1625
1438760,14262
1408805,13659
1411782,13675
1411765,13685
1411780,13683
1411770,518
1048297,1395
1048288,9498
1056253,9517
1048281,9518
1050242,9520
1050251,9516
1050255,9526
1050269,9529
1050260,9531
1050243,9535
1012509,9058
1016206,9070
1016171,9071
1494781,14540
1494772,14547
1499778,1457
1498785,1459
1499771,14579
1499789,14582
1414779,13788
1414783,1053
1414780,13789
1414781,13790
1415960,13861
1416011,13841
1417784,13847
1415318,13855
1389767,945
1392758,13421
1391877,13423
1026246,9183
1027229,125
1094262,147
1088252,9740
1088247,9753
1099246,9762
1099244,9774
1099248,1419
1099242,9788
1094254,9781
1094247,9784
1094248,9785
1516789,1484
1363764,12946
1363765,12947
1365759,12975
1365783,459
1365776,12976
1365779,12981
1366911,12993
1366450,885
1366923,1649
1369778,890
1515765,592
1516781,14653
1516788,1494
1516793,597
1515774,1495
1518768,14665
1515770,14667
1519982,14672
1426773,1194
1426794,1196
1426768,1734
1424884,1206
1424882,1210
1425028,14091
1425033,1223
1426784,14113
1555861,14945
1558801,14946
1554769,14957
1554771,14959
1555884,14962
1554986,14974
1555895,1631
1555894,1632
1379768,465
1379782,13145
1519965,14678
1519981,14680
1519975,1510
1425032,1226
1426791,1740
1429766,14117
1429786,1233
1426837,14130
1426851,1255
1425100,1241
1429761,14148
1429762,14151
1429764,14153
1379799,13161
1379767,475
1380963,913
1380946,13189
1518772,14688
1518792,1513
1519973,1520
1519971,14696
1522762,14719
1522769,14727
1522768,14733
1552782,14907
1552777,14909
1555868,1823
1551785,734
1551786,735
1551776,1828
1553780,14929
1561770,1615
1589771,15230
1587871,15233
1589782,762
1589776,15247
1589767,15248
1592781,15281
1592776,15280
1591841,1867
1591831,15303
1594769,1825
1579974,1721
1579961,15132
1583048,15146
1579963,15146
1579964,15146
1579965,15146
1582800,1731
1533802,615
1533811,624
1533824,637
1533829,642
1532931,1568
1533832,645
1532946,648
1532934,1572
1536880,1574
1536881,1575
1536878,1577
1536893,654
1536933,687
1536943,696
1536917,699
1536918,700
1536920,702
1536865,14854
1536940,686
1536883,724
1582801,1754
1583236,1858
1583238,1767
1583366,15207
1583281,1774
1583284,1776
1587872,1860
1586798,1780
1586799,1781
1587869,15225
1581782,15167
1583359,1738
1583351,1744
1583353,1746
1579980,751
1533775,14800
1533771,14807
1533794,14812
1533778,14814
1533790,1560
1532941,1563
1533780,14823
1532914,14828
1595987,15342
1600976,1839
1600977,1840
1601969,1884
1601979,1881
1601954,15457
1603336,15458
1603331,15461
1603354,1889
1603355,1890
1601964,1879
1558786,1640
1558769,14994
1560768,14997
1560773,14999
1560772,15012
1570767,15013
1558805,1833
1558802,15010
1560782,15018
1561767,15025
1564772,15038
1599314,786
1600972,15414
1601933,15422
1601943,15423
1601940,15426
1605777,15427
1634040,2103
1634485,15931
1634486,15933
1633010,15891
1631502,15887
1633009,15902
1633003,15911
1634042,832
1633655,834
1628998,2057
1631492,15825
1630273,2072
1631540,15871
1633013,15882
1642747,2246
1645145,2257
1645148,2260
1650239,852
1677242,16303
1677237,16312
1629283,1922
1631498,15807
1631491,15818
1629288,831
1712279,1983
1708241,16459
1708238,16462
1708260,2351
1711237,16468
1686246,16332
1773376,16875
1773396,2599
1812642,17338
1812643,17340
1812680,2777
1812662,17347
1812659,17351
1811720,2718
1796685,17215
1799369,2723
1828982,2857
1829583,17462
1829584,17466
1981313,3773
1979411,18924
1978798,18941
1984564,18944
1984563,18947
1978561,1041
1979439,3785
1984551,18978
1985290,18992
1985296,18998
1985299,19001
1986518,19028
1987573,3817
1986299,19045
1986514,19052
1837217,17568
1836542,17565
1837088,899
1840968,17584
1878990,17910
1880045,17917
1880049,2136
1885155,3150
1880261,17926
1880165,3152
1880259,924
1880245,2137
1956969,3575
1963166,18551
1960246,3622
1959970,3628
1963005,18687
1963163,18694
1963169,18709
1960987,18704
1960979,18713
1963171,18715
1821989,17403
1821983,2811
1822019,895
1822012,17410
1821972,17413
1822008,17415
1822030,17418
1821197,2834
1828990,2840
1679376,16347
1683238,16349
1679370,2296
1683241,16355
1686263,2298
1681382,2309
1686251,2316
1686254,2319
1686258,2323
1692238,16376
1687243,2305
1633584,15941
1633587,15944
1633578,15953
1634045,836
1615832,15682
1615515,15686
1615849,15688
1615795,15694
1615797,15696
1615806,15706
1615811,15712
1615826,15732
1616817,820
1615781,2004
1640588,16085
1640604,842
1643977,16091
1640568,16104
1642013,16115
1640581,16117
1640589,16098
1704247,2344
1706244,16445
1642335,16229
1642445,16203
1642446,16237
1642532,16241
1642452,2234
1642739,16245
1642728,1964
1770576,16803
1770585,869
1770757,2545
1769143,16817
1769167,2549
1769161,2558
1768935,2009
1769181,16821
1770829,16825
1769149,16827
1769186,16835
1769153,2567
1768939,2013
1737245,16578
1743424,16582
1743429,16589
1743432,2405
1737901,2404
1748239,16597
1779335,2623
1780560,16992
1780559,16995
1780562,16989
1785409,17011
1780553,17018
1780552,17020
1780566,17032
1752238,16643
1753458,2001
1796431,17187
1798458,17197
1799357,17164
1799347,17176
1770278,16776
1770245,2525
1770583,2532
1770586,867
1770581,2008
1770295,2537
1771321,2544
1770835,16808
1904145,3264
1904144,3265
1904140,3270
1904156,3274
1897415,3281
1902397,3283
1902988,18188
1902986,18191
1902270,18200
1899985,3287
1904151,3300
1902980,3312
1782634,17033
1783278,17039
1780608,2045
1780611,2638
1782677,2645
1785422,2659
1785419,2662
1782668,17055
1782851,2665
1780627,17073
1782847,17065
1785411,17075
1915033,3383
1914412,18363
1914450,3384
1914451,3385
1914417,18368
1914425,18381
1930045,18383
1914448,3391
1914409,18387
1914429,18394
1917977,966
1925970,3396
1914481,3406
1835969,17517
1836282,2883
1836280,2885
1836399,17526
1836462,17535
1836458,17536
1835140,17548
1836469,2889
1836459,17554
1930991,18479
1930994,3493
1940971,18518
1940982,3516
1848116,2943
1846975,901
1848099,17650
1848091,17655
1848093,17658
1850991,2951
1852110,17669
1852111,17670
1853982,33
1849986,17678
1853990,2959
1849985,17683
1870283,17769
1864018,17788
1867063,17791
1867077,3056
1869158,17798
1869344,2129
1869345,2130
1869343,2133
1877980,3113
1875265,920
1875283,3117
1875459,17887
1877976,17893
1875458,17896
1875685,3138
1878991,17909
1918969,3373
1914460,3376
1918019,18333
1914292,3379
1925972,3417
1928054,18407
1920039,3422
1920100,3426
1922970,18422
1921407,3425
1922994,18438
1922969,18439
1921403,3435
1929982,3443
1925969,3448
1928062,3453
1928074,3458
1930041,18455
1970359,18810
1970347,18826
1970340,1013
1970398,18833
1975295,3705
1971119,1018
1971124,1023
1989277,1024
1971125,1024
1973336,18838
1975456,3721
1975454,2220
1973345,3712
1976282,3726
1975287,18852
1975292,18853
1975291,18854
1639063,16140
1645138,16138
1642233,16160
1643770,16170
1643420,2189
1644189,16154
1929976,2184
1929501,18462
1929495,18463
1929980,3472
1930047,3482
1643778,2198
1643979,16211
1655238,848
1655239,848
1655237,849
1642254,2193
1642241,16190
1642250,2194
1643777,2197
1770267,2517
1770292,2520
1771316,2524
1693247,2325
1692239,16384
1692241,16385
1708243,16413
1701457,16389
1694241,16425
1694239,16422
1693244,2333
1701455,16430
1706247,16431
1708244,1970
1773382,2043
1773359,16908
1777916,2613
1777792,16950
1777789,16959
1777901,16961
1709240,16471
1716238,2358
1716239,2360
1722414,16474
1712282,16476
1714241,38
1709241,16478
1720237,16481
1722416,16484
1717242,16492
1735251,16533
1735267,2385
1739251,16509
1735241,16511
1852117,17713
1855981,17716
1855133,2995
1855117,2995
1855120,2995
1855123,2995
1855126,2995
1863042,2118
1855980,17727
1855987,3010
1853969,2121
1855979,17749
1855976,17744
1863987,3023
1751253,16618
1742237,16616
1751251,16617
1744243,2423
1752239,16634
1760237,16636
1870202,17816
1877968,17832
1873151,17839
1873994,3078
1877986,3081
1875264,916
1875151,17855
1760572,2494
1760565,16695
1763567,2498
1770261,16699
1769412,16707
1769575,2508
1769248,16706
1769252,2503
1770242,16713
1769257,2506
1770252,16723
1770284,16726
1769246,16728
1769578,2509
1880248,2143
1884615,17933
1881285,3126
1882214,17946
1883982,3188
1883064,3193
1884629,3196
1753468,16659
1760242,2449
1753477,2457
1753498,2474
1758335,16668
1758341,2482
1885129,18015
1885147,18023
1885139,3211
1885131,3215
1885134,18033
1885133,18034
1884646,3226
1885157,3229
1773342,2572
1769190,2022
1773339,2024
1773550,2577
1773552,2579
1773327,16854
1772414,16856
1773381,2039
1773383,2040
1780616,16864
1889266,3238
1894463,3237
1889252,18084
1889265,3239
1889268,18097
1889263,3241
1889423,3242
1889261,18107
1894461,3246
1901271,18132
1901267,18133
1853967,41
1852402,2978
1852401,2979
1849400,2109
1849401,2110
1855114,2980
1852393,17700
1852400,17702
1870281,17711
1855991,17717
1852414,2998
1852396,17708
1902286,18244
1902287,2166
1904137,2174
1904134,2176
1904975,18265
1904974,18271
1906341,3360
1912969,18303
1914444,18308
1914291,3363
1912972,953
1915031,18316
1915028,18319
1893975,944
1899070,3259
1896073,18141
1901276,18147
1894478,3262
1964628,3671
1964625,18762
1969076,18771
1969374,18777
1970370,18779
1970372,18789
1970369,18790
1970343,18793
1969382,3691
1948808,18611
1955111,3573
1955113,3576
1955114,3577
1955117,3581
1954969,18627
1953112,3598
1955115,3595
1953347,18637
1953349,18645
1958970,18648
1955425,999
1963197,2203
1963198,2204
1963183,3619
1962285,3644
1962172,18724
1962176,3648
1963178,18732
1963186,3658
1962314,3664
1962317,3664
1962319,3664
1963364,18739
1963368,18602
1963375,3565
1975465,3739
1978547,3747
1976281,18870
1975461,18880
1976279,18889
1976380,18894
1978556,3768
1977480,18918
1638080,16014
1637263,2122
1637284,2132
1638085,16023
1637276,2146
1638087,16028
1637260,16034
1637258,16036
1644190,16066
1639059,16067
1639069,2164
1735256,16548
1735238,16553
1735273,16557
1735275,16559
1737893,16561
1736240,16564
1737267,16571
1940999,18539
1942974,3542
1962291,18553
1948156,18554
1948415,3556
1948419,3557
1948970,3558
1948157,18578
1948819,18595
1782905,17078
1792382,2666
1785416,17077
1792342,17079
1783277,17086
1790327,17103
1790328,17105
1813990,2794
1822001,17382
1822058,17389
1821990,17402
1615780,15738
1615856,1919
1615840,15740
1615830,15743
1616800,2013
1615522,2008
1615857,1920
1615879,825
1616808,2024
1617839,15758
1840972,2913
1840973,2914
1846972,2932
1846967,17622
1848071,17601
1848088,17607
1848087,17608
1848102,17626
1792339,17111
1793606,2052
1792370,17119
1792377,2691
1792347,2690
1793612,2063
1799359,17218
1799373,2728
1796690,17233
1800413,17240
1802852,17253
1803676,17246
1801745,2736
1807002,17275
1806649,2743
1807003,17286
1808897,2751
1809729,17295
1807662,2759
1809689,17302
1811701,17307
1828969,17478
1829587,17480
1830019,2869
1834046,2089
1834047,2090
1835976,2095
1830016,17484
1830973,897
1836270,17502
1834048,2877
14310,233
14311,233
11449,239
14350,256
14355,256
14362,260
14330,263
14463,274
15956,298
14450,286
14455,289
14456,289
15973,290
15951,292
15953,292
15978,294
14675,326
16048,340
19355,308
15962,311
15964,313
15966,315
23403,321
23405,321
14574,332
17350,352
16052,341
9229,176
7917,148
7909,151
7919,152
7921,153
9363,159
7922,161
9218,186
14443,86
9221,191
12173,197
14475,32
9367,212
12165,213
14516,28
12148,216
12151,220
63058,223
14295,237
63074,248
63085,38
14372,262
14375,262
14381,264
14384,265
14386,265
14389,266
14393,267
14400,267
14406,267
14410,267
14417,269
14429,271
14301,231
14305,231
14306,231
4007,11
4013,16
4224,19
7012,19
4227,21
4231,25
4268,33
4270,51
4280,54
4272,56
7049,3
4221,46
67208,48
67219,48
7040,63
9228,70
8013,5
7009,91
6493,94
7912,106
7029,109
7021,113
7033,116
7031,117
7036,125
7889,142
7899,147
7902,147
9213,147
14292,138
7879,139
35021,676
35022,676
35069,682
35070,683
35049,128
35045,692
35074,137
36013,708
42017,713
35030,698
42059,737
46201,855
46209,196
46225,867
46223,872
47509,860
51037,864
47492,868
48043,887
23418,101
23420,101
23383,500
23368,506
20611,506
23361,515
23413,518
24037,530
24040,530
24017,523
24023,525
24027,526
24048,539
24051,539
24060,540
24062,540
24067,541
24078,546
23506,552
26429,570
25392,554
23508,569
17406,397
17362,401
20020,403
20026,403
18014,404
20028,403
20034,403
19384,411
19385,411
23390,83
21148,444
21167,447
21171,447
21180,447
21182,449
21183,449
20018,440
21191,449
21194,449
21209,449
21224,451
21226,451
21233,451
21240,451
21241,451
21246,451
21250,451
21259,451
21261,451
21268,451
21270,451
21348,457
21289,463
21354,91
21290,469
21307,469
21324,471
21364,474
21367,475
21373,478
21374,480
21370,491
22168,494
22167,494
42057,754
43023,763
44724,765
42080,770
42128,791
42182,794
42148,802
46207,185
44722,808
24094,584
24092,586
27048,606
42029,609
30183,617
26442,621
47502,627
47500,614
30052,120
30049,648
30194,641
44726,646
34109,649
29425,654
29422,654
44732,652
17301,342
16063,342
17306,343
17307,343
17309,343
17328,345
17346,347
14679,349
14678,351
16117,51
17364,373
17385,374
17392,375
17395,376
17396,376
17355,379
17358,379
17360,379
17361,379
17400,381
17421,395
18015,402
68576,1297
68571,1297
69205,1341
72037,285
73151,1356
72032,1369
63081,1210
65119,252
63065,1221
63069,1214
63071,1216
65125,1224
66481,1229
65128,1236
65131,1239
67171,1270
73135,1268
73134,1269
67213,1273
67215,1275
68262,273
78171,1517
78174,1517
82316,1524
79195,310
79189,1541
76872,317
82320,1536
82332,315
79193,1542
76873,318
76869,1557
76847,1553
76850,1562
80154,1574
82353,1588
82325,1597
56054,224
56063,224
56035,1020
54713,1041
56041,1049
56070,1059
56071,1060
59040,1087
59047,1099
59051,237
59030,1090
59053,1091
59057,1105
66492,1110
62076,1138
62077,1139
63049,245
68138,1160
68143,1165
62239,1173
62249,1176
62250,1185
66490,1191
68141,1193
48027,898
48028,899
48035,911
48037,918
47560,924
51014,211
51016,213
51020,948
47559,930
51023,949
51026,949
51045,952
53025,975
54032,974
56045,977
56034,1002
73154,1389
73141,1385
74575,1410
73225,1427
74495,1426
74551,1432
74552,1432
74553,1437
74543,1446
74555,1449
73654,1454
76174,1473
79186,1530
79190,1500
78166,1511
83165,330
83161,1625
84247,1643
85154,1657
87159,345
87160,346
87156,1662
88178,1669
101253,1687
101296,354
101295,354
128185,2340
128188,2346
128190,2351
128428,2356
128434,451
128414,2370
128431,2380
128425,2381
131192,2392
131193,2394
136167,2434
153210,2435
136157,2405
136241,2400
121430,2234
121177,2245
121240,2258
121235,2269
121244,2273
124196,2282
124203,2277
124195,2278
124163,437
124162,437
128204,440
124192,2305
128194,2322
110174,2100
110175,2101
110204,2119
108297,2123
114154,2127
113184,421
113176,2132
113174,2134
113155,2147
113165,2151
113181,2157
118185,428
115468,2185
118177,2206
115533,2189
103547,400
103520,1993
103545,1998
105426,2034
106368,2029
105425,2031
106405,2048
110166,2081
110185,2082
110193,413
117159,2104
90155,1681
91161,1686
90160,1689
90161,1690
90164,1696
91163,1716
96284,1737
96257,1730
96228,1748
96255,1758
96281,1774
96256,1775
96246,1787
96253,1793
101245,1798
97161,1815
97158,370
100158,1832
101169,374
101159,1853
101162,1857
101163,1859
101165,1865
101171,1870
101174,1874
101275,1901
103512,1909
101252,1896
101280,1916
103505,1918
103498,1926
103536,391
103544,1977
103517,1984
106372,1974
201160,2841
201157,2849
203157,2850
203162,523
203158,2858
212157,2862
221160,2864
218322,527
212165,2899
212167,2904
212172,2904
209158,2908
212174,2909
218296,2910
218304,2917
218308,2928
218310,2935
219161,2936
218313,2925
222159,2950
219165,2952
219175,2960
219174,2961
227179,3002
227168,2983
227174,2992
227161,2998
227163,3012
227185,3014
229157,3043
227197,3024
184157,2731
184183,2745
200183,2788
200184,2789
200197,2796
200173,2809
200191,2816
200188,2822
201166,519
227219,550
227200,3034
227204,3038
227206,3041
231168,3054
231169,3055
231159,3065
232555,3074
231175,3070
232553,3094
240188,3096
240189,3097
232554,3098
232563,3085
136170,2428
134530,464
136243,2446
139188,465
139155,2476
139159,2478
139177,2487
139178,2488
139180,2491
148162,2520
148165,2525
146162,2537
149158,2547
153221,480
155158,2575
155166,2581
155175,2587
153214,2569
155168,2584
155177,2586
155180,14
162165,482
162167,485
163165,488
161157,2619
161184,491
164158,2644
173171,2653
163161,2657
164164,2664
170164,2691
173165,2700
174157,2706
173178,2712
174159,2718
174160,2719
183159,2722
250763,3452
250750,3458
250764,3471
252232,3479
250765,3461
253653,3507
253665,3525
253695,623
252230,3538
249670,3342
248641,3340
249558,3354
249662,3377
249575,3408
250733,3412
249668,3393
249578,3398
250783,605
253641,3427
253646,3431
259170,3626
258224,633
258230,634
259173,3634
260525,3659
247707,3217
247708,3218
245016,3227
245017,3227
246666,3266
246653,3253
246661,3256
246668,3263
246670,20
247679,3279
247671,3283
247658,3322
247659,3304
247662,3319
247696,3324
247702,3326
232566,3100
232583,3115
242159,3128
244952,3133
241691,3146
245025,562
244934,3161
244918,3172
244938,3176
244939,3177
244924,3189
244936,3191
247705,3192
245024,569
246163,3200
246647,3223
246650,3245
256178,3559
256171,3572
256479,3582
487260,3592
256519,3592
257162,3593
258167,3595
257160,3602
298195,3931
298172,3936
298165,3941
298166,3942
298192,3938
298167,3964
298198,685
309240,688
309205,3967
304165,3967
304177,3987
309219,3988
303180,3996
309205,3999
309205,4001
283164,3703
275168,3697
275178,3712
279179,3732
279216,3742
279172,3768
279193,3780
279196,3783
283168,3790
279218,3798
280159,3806
283189,3818
283195,3822
309186,4033
309185,4030
309199,4047
309175,4050
312159,697
309211,4083
309228,4091
283201,3836
284164,3841
284175,663
284170,3855
284171,3855
289174,3871
289172,3861
294181,679
327160,4273
327168,4275
327169,4292
327161,4293
328171,731
327219,4295
329168,4297
329163,4301
329169,4307
341173,4325
347192,4356
347183,4369
341186,750
356358,4370
341182,746
341160,4362
342167,4385
347180,4389
347181,4390
351161,4395
348166,4397
356360,4403
327225,717
327222,719
327197,4180
327176,4183
320173,4171
317240,4188
317241,4188
328170,720
327190,4202
320186,4209
327217,4222
327164,4254
327209,4268
348172,760
352163,4422
352169,4419
349163,4439
356376,4447
350614,4461
350616,4463
355431,4478
356390,4508
309216,4087
313160,4101
315182,4119
320162,4122
315171,4133
315180,4141
317226,4158
320179,4164
403439,4891
406173,4900
406189,4921
416190,4943
416184,4953
416181,4946
416179,4971
446169,4991
446166,4993
425159,5024
424170,5035
425163,5037
424168,5038
430199,847
430196,852
424175,5040
431169,1
430181,5047
430182,5051
430161,5056
430171,5067
430195,5068
430202,869
430173,5090
431171,5095
440165,5105
440175,5106
366186,4583
366214,4584
366182,4589
368162,787
366229,4622
372168,4643
374168,4648
370160,4660
372170,4647
372161,4653
372162,4654
374163,4659
374174,4665
375167,4682
375169,4682
440179,5125
446159,5140
474169,5170
453165,5179
454159,5184
454160,5185
453160,5189
474187,5212
474180,5218
379217,4707
377167,4713
377174,4715
381161,4719
379205,4700
380177,4730
379225,4738
382160,4738
382163,4738
381175,4742
384163,4755
393176,4766
393181,4770
393168,4763
397301,813
393160,4774
393162,4786
397275,4802
397303,815
355446,4520
355448,4525
355450,4525
366210,4544
366213,4542
366185,4556
366172,4575
366197,4569
397294,4815
397282,4818
402160,4827
403394,4829
400161,4833
397298,4835
403387,4835
403386,4835
397300,4841
403378,4841
403372,4841
397159,4848
397161,4850
406168,4863
402159,4870
403293,4882
708187,6053
645179,6070
616185,5915
616172,5919
620191,5928
616186,5938
616201,5941
620186,5935
620180,5952
620206,17
677180,25
621166,5967
620171,5970
620179,5972
621172,5973
666173,40
621170,5976
627167,6000
631169,6002
665170,6012
487248,5378
490166,5386
491167,5388
516169,5423
516171,5424
515166,5448
512172,5457
505167,5437
505169,5438
506167,5446
506168,5449
512192,907
512193,909
512188,5472
790197,5472
512204,935
524201,5493
524179,5506
512173,5507
512194,910
512200,925
516175,5512
512180,5517
540192,956
540193,956
540199,956
524233,5520
540183,5544
524206,5554
527179,5577
532169,5578
532170,5579
475172,5243
479254,5250
479266,5254
489181,5265
489227,5274
489226,5279
479257,5294
489223,5310
489218,5324
541167,5657
550167,5661
567168,5691
567169,5694
601168,5747
631178,6024
631184,6028
631185,6029
645191,6030
665203,1040
1022228,1040
814166,51
645203,51
645196,1037
645167,6038
645175,6045
607201,5767
607173,5789
607193,5790
607209,1006
607195,5780
601181,5791
601188,5805
601171,5812
620194,5814
607169,5817
607211,1011
607204,5827
616192,5839
607189,5845
607178,5854
616179,5871
673166,5877
616205,5889
620199,1024
524212,5568
524199,5581
778230,5584
532172,5584
524173,5594
532167,5596
527166,5603
540174,5622
560166,5625
553169,5647
685168,6240
709193,6242
708178,6414
708196,6434
708206,135
709174,6461
709173,6465
709199,6470
710170,6494
710179,6489
719172,6513
747183,6698
747240,6699
747180,6707
646177,6085
646166,6092
665178,6077
665216,73
677175,6136
677177,6138
665200,1062
665195,6164
665180,6169
666171,6182
667166,6192
673169,6194
677178,6217
677166,6219
677174,6221
678166,6226
719167,6526
737179,6545
752227,141
737195,141
737199,144
737198,144
737201,145
737172,6555
747265,6575
737176,6562
737166,6579
738178,6599
738170,6608
738199,6613
747236,6616
747198,6621
738180,6632
747219,6643
747216,6647
738201,6652
738184,6654
747245,6656
747244,6657
747243,6658
747254,1097
747178,6634
684177,6275
709183,6279
684195,6286
685167,6292
704183,6331
708166,6335
704173,6336
704176,6337
710166,6341
704190,6348
704212,6350
704204,6376
760182,164
760184,166
760171,6855
760178,6863
759206,6870
771166,11
770180,6895
778259,175
778227,6932
778250,6933
747253,6714
778245,6993
774211,1133
774212,1134
778260,184
778252,7017
778213,7033
778214,7036
778253,7041
778217,7048
778219,7057
781196,190
782197,7087
781213,7089
803189,7099
781168,7094
782187,7108
782185,7111
782191,7124
781205,7137
781171,7152
782169,7163
803193,7168
790171,7181
786173,7187
786168,7188
794191,7182
790199,7204
790194,7212
790218,1149
794173,7220
794196,7197
790213,1156
790208,7227
794202,7234
790187,7245
791166,7255
796173,7264
803171,7281
796168,7280
805180,208
803203,7290
803184,7299
803200,7294
747176,6742
759189,6746
752212,6758
760168,6770
752169,6777
752170,6778
752205,6789
752215,6794
752167,6799
752217,6807
759178,6810
769174,6926
770186,6937
768185,6939
769166,6941
774169,6964
770178,6957
774193,6970
921174,179
833170,7555
839172,7561
836172,7587
803211,7297
795344,7312
803170,7306
803175,7314
803176,7340
803202,7346
805168,7347
806167,7357
805184,212
803167,7368
803207,7383
825197,216
825199,217
825200,218
825186,7431
825192,7439
825213,7445
833176,7599
836182,235
844176,7654
844166,7657
844195,7673
844182,7679
844167,7682
849503,7692
849464,7699
849512,7714
1009229,1202
828204,7447
828217,7450
828226,7450
825218,7454
828232,7461
828240,7461
825177,7467
825178,7468
825202,7478
828174,7490
828253,7491
828247,7492
828264,1175
828179,7507
829166,7509
828196,7512
828197,7522
855194,221
833215,227
833206,1189
833197,7552
862250,1213
862234,7847
868171,273
862456,273
862450,279
872197,7872
862463,286
862467,7880
871346,7928
872193,7930
871348,7931
871349,7933
876192,7959
876219,7973
872212,301
876211,7979
876230,1230
922483,320
923171,8123
877170,7998
896183,8025
899171,45
910171,8040
910179,8049
910223,316
910218,307
910207,8054
910184,8075
911171,8091
922481,51
922474,8110
923172,8111
922471,8105
932605,8112
851176,7733
851177,7736
849492,7739
849524,28
849510,7753
851174,7769
855186,7782
855178,7786
862244,7787
861291,7789
861295,7789
861300,7789
855190,7789
855200,256
855198,262
862218,7798
862200,7798
872174,7910
871357,7915
932589,8134
938385,8138
938401,8162
932639,1250
932621,8146
938398,8168
932597,8169
958523,8574
958524,8589
958535,8594
958541,8595
960180,8606
1012503,8187
945430,8202
938376,8208
937796,58
953340,8357
953313,8381
953334,8382
953295,8393
965179,8613
965175,8615
965214,8636
964378,8640
966832,1303
956620,8456
958431,8465
956605,8474
956629,8483
956609,8488
956615,8489
956610,8493
956646,8495
958500,1285
958443,8512
958452,8537
958446,8544
960171,8546
958436,8551
958449,8557
958450,8558
958442,8569
958484,8565
953318,8406
953327,8413
958457,8426
953310,8427
953316,8417
953370,370
956626,8435
958430,8434
945485,1263
945407,8229
945463,8243
945466,8254
945459,8250
945440,8250
945442,8250
945445,8250
945411,8251
945488,335
945511,341
945431,8262
945422,8263
945519,8287
945504,357
945507,357
945478,8292
945525,8309
944985,8339
953303,8346
965205,8665
965203,8666
965209,8667
965211,8667
966800,8680
965226,8681
1009225,1327
977197,8841
977226,8837
977227,8837
977230,8837
980173,8850
984172,8859
1001196,106
990178,8865
990181,8868
992172,8871
995179,8882
1003188,8922
1003186,8925
1009179,8940
1012493,9003
1014171,9008
1012546,1350
1012523,9014
1012502,9023
1012512,9026
1012534,9037
965204,8701
966814,8707
964382,8709
966797,8719
966798,8725
966788,8729
977238,8779
977196,8783
977194,8785
967177,8786
977208,8793
977200,8797
977249,1324
977173,8814
966813,8730
977264,401
966782,8743
977175,8744
966841,1318
966827,8752
977263,403
966849,100
970171,1319
966775,8756
966819,8766
1536876,1581
1538766,14862
1549770,14879
1551779,1597
1549776,14861
1549779,14900
1553782,14901
1431877,14229
1434061,1301
1431878,14237
1431879,14242
1439004,1748
1482762,14442
1490782,14449
1490783,14459
1492766,1422
1490812,14469
1493769,1772
1490800,14493
1555855,14933
1555857,14938
1553777,14949
1446767,14323
1446775,14333
1449759,14351
1462761,1762
1490791,1770
1484761,1408
1493764,14501
1499762,14529
1234418,1521
1234342,1521
1234349,1521
1234363,1521
1234443,1521
1234457,1521
1234426,1521
1236243,321
1234308,11272
1236054,718
1236058,722
1237338,11294
1277246,11871
1282268,11879
1282300,11887
1287255,11898
1282321,11900
1285247,11914
1294270,366
1287277,1563
1145252,10151
1147287,10163
1145245,10166
1147710,587
1145257,10170
1147308,10185
1147292,10181
1147317,10197
1147300,10198
1147301,10199
1147302,10200
1147706,10211
1154255,592
1154249,10242
1153252,173
1102470,9855
1106261,559
1106258,9874
1111245,9892
1113569,563
1113560,9909
1114285,9913
1113565,9910
1114287,9918
1118271,1434
1114302,9922
1114305,9924
1114297,9927
1114303,9931
1118269,9953
1118255,9957
1118270,1435
1118256,9969
1120249,9975
1147701,10231
1154256,175
1154259,10246
1172266,10256
1152502,10271
1152503,10275
1157557,10279
1157558,10280
1157559,10281
1160244,10289
1160246,10303
1161246,10309
1163251,10311
1162535,10312
1162534,10316
1161270,10322
1170604,10323
1163249,10339
1163248,10341
1163255,10345
1163250,10347
1161275,10356
1161276,10357
1165255,1459
1164481,182
1163259,10360
1163272,10362
1064295,530
1064275,9650
1065258,527
1064259,9658
1064250,9664
1064271,9674
1064262,9680
1064279,9681
1065257,9690
1076242,9711
1080242,9719
1088256,9735
1090247,9746
1182405,10590
1182404,10598
1183274,632
1181250,10605
1182397,10609
1182410,1480
1190256,10646
1191243,10649
1193244,10664
1204349,10665
1194244,10670
1194245,10671
1200283,206
1200277,212
1165243,10376
1164472,10378
1213243,10699
1200461,10709
1202254,10702
1200259,1491
1102478,9851
1016189,9082
1016190,9093
1016196,9101
1016216,9108
1016173,9115
1016174,9116
1016192,9117
1017224,9126
1017236,9128
1017227,9138
1026231,9176
1026232,9177
1166246,10391
1166249,10397
1168253,10411
1168244,10435
1171269,10443
1171279,10449
1232296,1516
1234270,1518
1168258,10417
1170598,10439
1171298,189
1170608,10477
1171294,10486
1173254,616
1172259,10497
1172257,10500
1172245,10521
1172260,10503
1173247,10529
1177320,192
1181242,10553
1183267,625
1210261,10824
1210282,232
1214242,10864
1211245,10870
1211252,10876
1211253,10878
1218243,10917
1213574,10900
1217252,10924
1221256,10944
1290282,11959
1286245,11973
1290285,11970
1290268,11971
1287257,11982
1290275,11990
1290286,11994
1298285,12016
1294246,12025
1300250,12037
1294248,12048
1095250,1424
1095248,1425
1094255,9801
1095243,9814
1099247,9818
1100247,9821
1102477,9829
1099243,9819
1102471,9844
1241258,11446
1243261,11453
1242374,11479
1249252,11511
1248248,11516
1249256,11532
1250289,11550
1249871,11635
1251256,1552
1249889,11639
1252242,11661
1255334,11666
1262246,11688
1039607,9390
1039603,9385
1039615,130
1041247,9408
1046255,493
1046256,133
1046253,9438
1046250,9451
1118245,9978
1121248,9991
1122247,9995
1132252,10015
1132251,10019
1132262,10026
1237332,11302
1238250,11324
1239242,11321
1241244,11342
1242327,11376
1239807,11392
1241245,11402
1264586,11407
1242357,732
1242348,11430
1296255,12070
1297247,12073
1321783,12107
1300254,12109
1303255,12114
1303256,12115
1303257,12116
1301246,382
1303259,12133
1303262,12158
1304303,12185
1306247,12201
1306248,12209
1305554,12211
1311252,12227
1311254,1576
1234271,1520
1234319,1521
1234325,1521
1234327,1521
1234332,1521
1234347,1521
1234353,1521
1234356,1521
1234357,1521
1234380,1521
1234387,1521
1234390,1521
1325784,12575
1325843,1602
1325839,1602
1325830,1602
1325828,1602
1325812,1602
1325811,1602
1325910,1602
1325899,1602
1325898,1602
1325883,1602
1325882,1602
1325924,1602
1326004,1602
1325996,1602
1325993,1602
1325987,1602
1325979,1602
1325978,1602
1325974,1602
1325969,1602
1318904,12434
1321761,12447
1318841,1582
1318847,833
1318843,838
1318832,12458
1318825,12467
1318833,12470
1318830,12474
1318905,12483
1321764,12492
1320827,12518
1320829,12521
1320844,12523
1320845,12525
1320846,12526
1320835,12530
1320848,12534
1325792,12568
1314772,12253
1313755,803
1313750,813
1313969,12307
1313970,12308
1313744,12311
1330848,1629
1330815,12751
1330817,12753
1330802,12770
1330832,12783
1330759,12790
1330268,12798
1330273,859
1330272,12801
1335757,441
1326764,12624
1325790,12603
1325802,12611
1325803,12613
1326082,1617
1360813,454
1031257,462
1031252,469
1030228,9214
1033364,9230
1033259,9231
1033270,9239
1033258,9250
1034254,9289
1034265,9308
1034266,9310
1325948,1602
1325942,1602
1325939,1602
1325931,1602
1326054,1602
1326046,1602
1326043,1602
1326041,1602
1326032,1602
1326026,1602
1326022,1602
1326014,1602
1326010,1602
1325776,12604
1325795,12617
1375762,13120
1376759,13123
1379810,13127
1379758,13128
1379759,13132
1376763,13134
1376764,13135
1313976,12321
1313979,12332
1313986,12340
1340757,12827
1340758,1633
1340761,12829
1342759,12831
1345759,12839
1359769,12856
1394174,13465
1394178,13466
1394323,13467
1394177,13490
1394327,13501
1394193,503
1396758,13504
1394319,13515
1399782,963
1326076,12640
1330763,12656
1328763,12667
1328772,12673
1326092,12682
1328771,12688
1330809,12703
1328800,846
1330782,12714
1328780,12719
1328765,12730
1440825,14276
1438999,14280
1462763,1332
1438995,14285
1460761,1345
1366919,13025
1375757,13047
1375761,13051
1370761,13052
1366925,462
1371758,13094
1370775,13061
1369776,909
1366935,13066
1369761,13081
1372798,13109
1416024,13890
1417769,13899
1417788,13904
1416030,13917
1417807,13918
1417810,1091
1417802,13932
1417805,13935
1417808,13938
1416811,1099
1420767,537
1401762,13529
1406762,13530
1407039,13538
1406758,13554
1406787,13569
1409760,13570
1406773,13576
1408040,13599
1408800,13614
1407043,1694
1408760,13622
1408771,13626
1408774,13636
1408764,13644
1408790,991
1505770,1473
1510033,590
1516774,14617
1516762,14624
1516779,1480
1516773,14630
1380973,13206
1382191,13210
1379798,13211
1380986,13241
1381757,13251
1382047,13261
1381759,1669
1384757,13295
1382124,13298
1382195,13305
1382203,13328
1387795,13324
1382206,13335
1386762,1671
1387802,486
1387790,13345
1387781,13354
1387791,13361
1387810,13365
1387820,493
1387809,13371
1389761,1678
1387825,13375
1387822,496
1387828,13381
1389057,13385
1389761,1679
1391867,1679
1421089,13999
1421090,14004
1421094,14005
1421148,1159
1422798,14009
1421147,1165
1423804,14022
1421115,549
1421101,14030
1423820,14034
1524898,1524
1522774,1525
1527906,14746
1527763,14753
1527923,1535
1527921,1538
1532930,1541
1532936,1543
1532937,1544
1527928,608
1529860,14768
1530769,1804
1412758,13705
1467775,14380
1482759,14408
1482760,14409
1490793,1764
1481904,14423
1484759,14429
1481777,14430
1481781,1376
1482770,1381
1481908,1385
1481909,1387
1481770,14421
1605782,1896
1604926,1904
1604941,1907
1613939,1974
1613128,806
1615789,15652
1607382,15515
1607814,1922
1608769,15530
1608770,1937
1615791,15539
1609768,15541
1564779,1662
1566776,1662
1563802,1836
1567768,743
1566781,1690
1566783,1691
1574767,15076
1574768,15077
1574066,15084
1576778,15095
1576781,15094
1582780,15103
1578917,15122
1579957,15125
1579958,15127
1610176,794
1613932,15575
1614771,1911
1614772,1912
1613073,15660
1613070,15665
1614774,1914
1426840,14163
1499772,14173
1438899,14181
1435825,14191
1435830,14197
1435812,14199
1435815,14202
1435842,14217
1435853,1292
1435857,1293
1359770,12885
1360764,12886
1360815,449
1360804,1641
1360811,452
1613063,15581
1613045,15593
1613105,1953
1613944,803
1613061,15618
1615862,1961
1056256,9449
1048292,9458
1048265,9462
1048291,9481
1066242,9478
1421974,1130
1421976,1132
1421960,543
1421065,13981
1421980,1147
1421966,13991
1422801,13992
1200464,10754
1202258,10759
1202259,10760
1202269,10765
1210276,648
1206254,10810
1206255,10812
1213588,660
1213591,663
1206533,10821
1314018,395
1314031,12362
1318891,12376
1317268,12384
1317261,12389
1317262,12390
1316815,12405
1318889,12414
1321760,12436
1134266,1447
1249318,11589
1249299,11592
1249324,11593
1253262,748
1250299,1551
1421134,13967
1221243,10961
1220264,259
1222452,10991
1222265,10994
1222427,11000
1222423,11004
1222264,10997
1222454,264
1222446,266
1224285,11080
1224284,11078
1232250,11092
1234276,11101
1264581,11720
1264253,11752
1269246,11762
1263248,11770
1265249,11781
1269253,11802
1272256,770
1272262,775
1272264,362
1271285,11844
1270249,11828
1232293,11115
1232292,11117
1232309,305
1232302,703
1232273,11127
1232274,11121
1232242,11139
1232247,11158
1232256,11185
1234243,11214
1232263,11184
1232257,11194
1232261,11202
1232243,11207
1015173,1332
1009198,8961
1009223,8954
1009242,1342
1009190,8989
1012508,8999
1012531,9006
1012513,9016
1012514,9018
1141284,10058
1140246,10069
1134278,10073
1140251,10087
1140252,10090
1145243,10093
1141245,10094
1145255,10104
1145256,10105
1145261,10103
1140243,10125
1145250,10149
1393796,13436
1285258,11943
1202266,10726
1202249,10735
1202252,10745
1421135,14043
1423833,553
1424865,14069
1424892,1199
1050259,9538
1065252,9554
1056260,503
1052556,9573
1052537,9577
1052543,9585
1056248,9587
1051245,9590
1051258,9594
1052564,9601
1052635,9603
1052565,9604
1056267,519
1052641,9633
1052569,9631
1056249,9636
1064264,9637
1056244,9640
1035251,9331
1035252,9337
1039285,1383
1036245,9355
1039473,9372
1330805,12726
1330758,12735
1330850,849
1330803,12766
1435810,14250
1431896,569
1435851,1313
1435849,1315
1439008,1752
1439011,1322
1438910,14266
1408802,13652
1408792,992
1408788,993
1408780,13653
1408806,13656
1408761,13657
1408808,996
1408809,997
1414407,13673
1414427,1013
1414414,13692
1411773,13696
1411778,13703
1048298,1396
1048247,9496
1048244,9497
1048271,9502
1056254,9519
1056257,9528
1050244,9533
1051248,9537
1012490,9064
1012491,9065
1499758,14559
1499760,14560
1499766,14569
1499767,14570
1499776,1781
1499793,14585
1499794,14587
1414786,523
1415319,13803
1415320,13812
1415335,13827
1415338,13830
1415340,13832
1415345,13837
1415365,1059
1415962,13863
1416026,13866
1417764,13856
1415770,527
1390758,13402
1391876,13417
1394304,13426
1393804,13432
1026240,461
1033273,9190
1033245,9201
1026235,9185
1088258,9754
1088257,9755
1090250,9767
1093243,9771
1099249,1421
1093247,9776
1094252,9790
1515760,14651
1363757,12924
1363767,12955
1365775,12959
1365768,12963
1366910,12979
1369787,888
1366916,13013
1366928,460
1366915,13016
1366913,13019
1518780,14660
1426762,14077
1426788,14088
1426770,1737
1425029,14094
1426782,14096
1425026,14100
1553771,14955
1555851,14960
1555898,1628
1555887,14977
1555850,14966
1380944,13154
1519983,14676
1518798,1506
1527766,1512
1519967,14697
1518805,8
1426778,14109
1429768,14119
1426801,560
1426850,1254
1426854,1259
1426846,1236
1426823,14140
1429776,1252
1581786,1846
1379764,1660
1379806,1665
1380943,13169
1382189,13173
1382192,13177
1380948,13192
1520002,601
1522770,14731
1524888,14742
1551766,14918
1549778,14911
1587879,15231
1587866,15239
1589781,1787
1589770,15245
1589768,15253
1591844,1799
1591836,15266
1591839,15273
1592779,15277
1589885,15285
1592768,15284
1589884,15286
1591843,1868
1591842,1869
1591830,15304
1592815,15309
1592132,1815
1592821,15316
1592816,1871
1592823,15327
1592819,15328
1592133,769
1579968,1843
1579982,747
1579767,15135
1582789,15142
1581797,15152
1581800,15118
1579959,15137
1581795,15164
1533803,616
1533810,623
1533826,639
1532916,14834
1532918,14835
1532919,14836
1536869,14842
1536935,689
1536937,691
1536938,692
1536941,694
1536919,701
1536911,718
1536950,676
1536949,682
1536871,14849
1581781,15170
1581792,1751
1581814,1755
1583344,1852
1581806,1752
1581808,1756
1582799,1761
1583237,1769
1583773,760
1583279,15204
1586793,15205
1583278,15209
1586792,15224
1583342,15169
1583356,1735
1583360,1739
1583350,1743
1583352,1745
1583364,1747
1533769,14805
1533772,14808
1532921,14819
1532945,1564
1532942,1565
1532943,1566
1532924,14822
1533835,14
1594772,15343
1594773,1830
1599013,780
1601970,15364
1601978,15370
1599006,783
1607381,15455
1601920,15439
1601953,15443
1601935,15438
1557972,14980
1558783,1638
1558771,14982
1558778,1645
1560775,15001
1564778,1650
1563806,1658
1564776,15024
1564768,15028
1599095,15389
1603348,1884
1599305,1887
1599313,1869
1601922,15417
1605776,15429
1633024,1928
1634024,15910
1634015,15920
1633590,15923
1633015,15883
1633007,15894
1635129,2067
1634014,15919
1629284,2063
1629425,2065
1629285,2069
1631530,2076
1629422,15857
1629431,15847
1631522,15848
1631503,15862
1631535,2078
1631504,15870
1631528,2079
1633014,15880
1631533,2086
1631527,2087
1642734,25
1646234,2262
1678239,16295
1673274,16285
1673283,16289
1677241,16300
1617833,2034
1617835,2041
1617829,15772
1616821,15773
1615719,828
1631507,15820
1633633,15799
1629417,15806
1629273,15822
1708255,1981
1708266,2347
1708257,1986
1680294,16318
1683239,16324
1677239,16333
1677238,16334
1680296,16316
1681358,16336
1679377,16344
1773375,16876
1773343,2583
1773344,2585
1773559,16877
1773388,2591
1773391,2594
1773392,2595
1773334,16884
1812647,17331
1812648,17332
1815211,894
1812641,17339
1812672,2789
1811719,2783
1799375,2712
1799377,2713
1799337,2716
1796435,2717
1800328,17227
1828988,2846
1834042,17458
1830017,2858
1828981,2859
1829585,17475
1829592,17477
1981295,18911
1981310,3770
1978530,18914
1978553,3774
1978567,18921
1984565,18942
1981298,2231
1978797,3788
1981302,2235
1983277,18970
1985292,18994
1985294,18996
1985298,19000
1985301,3792
1984557,19019
1987580,3803
1987567,19046
1986519,19047
1986517,19048
1991277,19068
1990281,19072
1992277,19085
1836468,2102
1835319,2903
1835314,17566
1841100,2907
1839034,17582
1839035,32
1880263,17923
1880260,17925
1882210,17929
1884641,17938
1884638,17941
1879003,3158
1880253,2140
1955982,2202
1956039,18560
1956972,3551
1959980,2206
1958987,3621
1962298,2207
1962296,18679
1959977,3626
1959972,3630
1959973,3631
1962173,18685
1962970,3635
1960989,18701
1962281,3638
1822007,17406
1822056,17419
1822053,17420
1829593,17428
1827049,17446
1831968,17450
1827050,17443
1828977,17444
1827055,17449
1686249,2301
1681379,2306
1686253,2318
1687241,16375
1634047,838
1633607,2107
1633575,15955
1633609,2108
1633647,15991
1615829,15680
1615518,15681
1615848,15683
1615877,817
1615869,1992
1615812,15713
1615816,15717
1615819,15721
1615824,15730
1615827,15733
1615851,15735
1615872,2001
1615858,1918
1643973,16094
1640563,16121
1639068,2174
1642014,16106
1706238,16442
1706239,16443
1706242,16448
1708253,1979
1642724,16232
1642451,2233
1642444,16236
1769141,16815
1769164,2554
1769139,16819
1769172,16833
1771314,16843
1768938,2012
1743433,2406
1743431,16603
1777791,16962
1777914,2625
1780617,16977
1777913,16981
1780620,16987
1779338,16915
1777923,880
1777985,16996
1780327,2629
1780329,2629
1780557,16999
1781329,2044
1781330,2631
1780558,17001
1782134,17014
1780564,17024
1752237,16642
1753271,2436
1753459,2002
1752243,2438
1793600,17145
1793597,17151
1794333,17154
1796429,17175
1796436,2708
1799354,17167
1799341,17182
1799350,17192
1770248,2528
1770255,16780
1770285,16794
1771322,867
1770833,16797
1897413,18170
1894448,18167
1899980,18174
1894475,3278
1897417,3282
1902977,3285
1899982,18179
1902992,18184
1902987,18189
1902982,18193
1902262,18210
1902976,3286
1902975,3288
1899974,18213
1901483,18215
1899975,18216
1902009,18217
1904152,3299
1901495,3307
1904121,18228
1901487,18232
1902981,18233
1782636,17028
1782854,2651
1785427,2652
1785412,17060
1785425,2656
1782671,17052
1782846,17062
1782849,17066
1783367,17068
1918017,18350
1914416,18364
1914447,2181
1914426,18382
1914413,18390
1914428,18392
1914432,18397
1921393,18312
1914469,3401
1914488,3415
1921392,18398
1921390,18400
1928041,18401
1834054,2880
1836283,2882
1835135,17538
1836402,17530
1836403,17531
1835143,17545
1835142,17546
1835138,17551
1836463,17557
1836465,2894
1930989,18486
1930990,18488
1930993,3494
1930996,3496
1934971,18506
1937998,3500
1938005,3509
1938006,3510
1938007,3511
1940984,3518
1938009,3521
1940986,3522
1848100,17649
1863986,17639
1851049,17653
1848098,17654
1850990,2954
1853980,903
1853989,2960
1863052,3031
1858998,3028
1870286,17766
1858999,3032
1867075,3021
1865967,3042
1869156,17774
1867058,3046
1870280,17780
1867054,17787
1869160,17800
1875052,17865
1877973,17867
1875263,922
1884971,17885
1875316,3119
1875314,3121
1875681,3128
1877984,3129
1875682,3130
1875684,3135
1878993,923
1914485,18330
1914402,18341
1914407,18348
1918015,18337
1914133,963
1940977,18402
1920038,2183
1928053,18413
1928050,18415
1920099,3427
1928040,18431
1920098,3428
1929969,18445
1928044,18448
1970356,18807
1970364,18815
1970365,18817
1970366,18818
1973329,3696
1969389,3698
1972079,2219
1971118,1017
1971127,1031
1975293,3723
1973338,18845
1645139,16135
1643410,16144
1643416,1952
1642736,16151
1643424,2178
1643419,1957
1642238,16178
1929977,2186
1924160,972
1930054,2194
1644008,2206
1644009,2207
1643772,2220
1642332,16215
1642236,16192
1643993,2216
1770275,16758
1770291,2521
1770272,16769
1693248,2331
1694237,16421
1704237,16428
1704240,16435
1704239,16436
1773368,2601
1772415,16895
1773403,874
1773380,16910
1777912,16948
1777905,16932
1717245,2356
1709247,2357
1716241,2362
1709246,16477
1712286,2365
1714237,16483
1722419,2373
1735262,2381
1735244,16515
1731398,16534
1852114,17709
1852408,2989
1855134,2995
1855135,2995
1855138,2995
1855139,2995
1855121,2995
1855128,2995
1853976,3004
1863038,17739
1853972,3008
1855988,3011
1856968,17748
1856967,17750
1863988,3017
1867074,3020
1743430,16610
1751242,16615
1744240,2419
1753261,16626
1751249,16628
1751252,16635
1869503,17814
1870203,17817
1870277,17818
1870352,3070
1873161,3076
1873993,17826
1875308,17841
1874000,3082
1873995,3087
1874001,914
1875259,3094
1873157,17850
1875150,17857
1761247,2495
1769710,16712
1769572,16719
1770258,16702
1770257,16703
1770244,2505
1770238,16722
1770251,16724
1769577,16731
1769240,16733
1769415,864
1884624,2148
1884625,2149
1882215,17947
1882968,17949
1884630,3198
1883060,17970
1883979,3202
1753503,2443
1753465,16656
1753497,2453
1753479,2458
1753485,2463
1753493,2470
1758320,16665
1758344,2488
1760243,2490
1885153,3222
1884610,18012
1884589,18013
1884593,18022
1885132,3210
1884591,18032
1886971,18043
1773350,870
1769187,2019
1769189,2021
1769191,2023
1773385,2580
1773401,871
1889262,3236
1899069,3234
1889256,18078
1889249,18091
1889253,18094
1889258,18096
1889420,18112
1894467,39
1894458,3248
1894457,3251
1894460,3252
1849999,905
1849994,2961
1853985,17684
1855966,17686
1853988,2965
1870208,2971
1850985,17694
1851010,2982
1852399,17706
1870295,3002
1902283,18239
1902289,3318
1903009,18261
1902997,18262
1883076,17974
1884627,2153
1884623,2155
1885141,17996
1904977,18267
1904979,18269
1902292,3342
1904159,3351
1906015,18291
1906342,18294
1914410,18304
1914483,18307
1914290,18305
1912974,955
1918011,18321
1893985,2160
1893970,939
1893971,940
1893988,3257
1893984,18138
1896074,2161
1894455,18164
1962384,2218
1963383,18751
1963376,3669
1969386,3679
1970371,18786
1973342,3687
1969381,18798
1969387,18800
1970349,18816
1948811,3571
1962312,18614
1963373,18615
1955112,3574
1955116,3580
1951971,18625
1962310,18623
1952972,3584
1951972,3585
1954377,18636
1953348,18639
1958969,18642
1955423,2200
1963199,2205
1962168,18717
1962167,18719
1962165,18722
1963180,18729
1963181,18730
1963195,3566
1962383,18743
1975462,1034
1978563,18863
1978565,18871
1977302,3758
1978533,3763
1976379,18900
1686240,16000
1635131,16010
1635133,16011
1637286,2129
1635136,2142
1637269,2152
1637268,2153
1638089,2154
1638325,16050
1638340,2156
1638334,16064
1639060,16070
1642033,1944
1640571,16082
1735252,16550
1735265,2390
1735246,16556
1737261,2396
1737262,2397
1736241,2402
1748246,16574
1748247,16575
1942972,18538
1940997,18540
1962295,18557
1962293,18559
1956973,3550
1956975,3555
1948161,18571
1949148,18583
1948166,988
1948418,3563
1948425,3564
1951302,18595
1953969,18600
1789328,17071
1813973,17356
1821998,17365
1822062,2806
1828987,2808
1821973,17390
1827053,17395
1821971,17394
1822005,17398
1615520,2011
1615837,15746
1617832,15765
1615717,2039
1615720,826
1840971,2912
1840975,2916
1848094,17614
1846970,17620
1846973,2934
1846971,17633
1793593,2683
1793607,2053
1792344,17117
1792348,2687
1792334,17126
1803679,2073
1800414,17241
1800415,17236
1802661,17250
1802855,17255
1802860,2740
1806640,17256
1807000,17269
1806643,17277
1802857,17270
1806646,17274
1811711,17279
1811704,17284
1808899,2751
1808895,17289
1807176,2756
1809692,17316
1829586,17479
1829595,2868
1835972,2091
1830970,17499
1835117,17508
11454,249
63057,252
14353,256
14445,261
17407,280
19353,281
14510,299
63077,283
14447,284
15948,290
14571,334
15987,334
14580,338
14573,338
15961,309
15957,320
23404,321
14583,331
14575,335
16050,341
9231,177
14509,180
9354,160
9225,189
12179,203
9366,212
12163,213
12162,213
12157,213
12149,217
23386,210
12169,211
14328,219
12154,228
15968,262
14387,265
14396,267
14411,268
14336,269
14418,269
14342,271
14423,271
14424,271
14437,272
14298,231
14300,231
14303,231
1884619,18001
1884618,18000
1899065,18150
4002,6
4003,6
4009,12
4223,19
6464,2
4274,69
4216,34
4217,34
9222,48
4232,49
9215,93
7026,104
7911,106
7877,106
63061,117
7032,119
14315,167
35018,676
29421,664
29417,665
35040,675
35050,129
35027,685
35014,686
35059,687
35054,134
35071,700
43018,142
35037,699
35039,701
42035,712
43020,144
42016,732
42073,733
42051,737
44753,818
44777,844
44785,848
46203,855
48023,889
50013,893
47493,869
48021,882
47514,888
23384,498
23371,509
24041,530
24019,523
23427,533
23424,537
23426,538
24046,539
24056,540
24063,540
24068,541
24069,542
26436,559
51039,563
24086,571
24091,574
24126,580
20024,403
20035,403
20038,403
23406,419
19387,423
23388,81
23389,82
23391,84
20612,89
19361,429
19402,430
19364,432
21153,444
21156,446
19419,441
21197,449
21202,449
21218,451
21231,451
21232,451
21234,451
21245,451
21256,451
21274,453
21278,455
21294,469
21303,469
21308,469
21313,470
21320,471
21321,471
21326,471
21332,471
21360,474
21366,475
22171,493
42055,748
42063,749
42088,154
42146,800
44734,809
44747,811
44745,811
44735,812
44738,812
44763,4
44743,831
25384,587
25391,594
25390,604
27049,610
27051,615
26440,620
30187,126
47501,626
42038,627
30048,645
16064,342
16068,342
16070,342
17311,343
17313,344
17335,347
17349,347
17352,352
17426,365
17375,374
17379,374
17389,375
17354,379
17356,379
17359,379
17409,380
22173,383
19357,388
17428,393
17413,393
17415,393
17418,393
68560,1293
68562,1296
73143,275
73130,1305
73128,1306
69203,1304
69091,1314
69089,1314
73127,1316
69098,282
69093,1328
73131,1344
72028,1349
73115,1376
63027,1197
63079,1219
63068,1213
63070,1215
68151,260
66504,1261
67165,1278
67209,1287
76858,1533
76859,1537
76871,314
82334,315
82330,315
76873,319
79191,1544
76864,1548
76868,1556
82350,1555
76849,1561
56060,225
54716,1021
56037,1043
56056,232
56043,1051
56046,1054
66486,1065
56039,1053
57339,1070
59052,1073
59048,1085
59039,1087
59049,1085
59031,1089
59042,1094
59044,1096
59037,1074
66489,1108
59473,1118
59477,1127
61024,1137
62079,1139
62080,1140
62075,1146
61025,1147
62082,1148
66502,1152
61278,243
63063,1166
61345,1172
65118,251
54702,909
47561,924
49573,933
49574,934
49575,935
51025,949
51046,215
51029,958
51055,217
53024,965
56044,977
56032,980
53028,1006
53026,1004
73149,1383
73116,1377
73653,1430
74579,294
74548,1442
74557,1441
78155,1463
76170,1478
76169,1479
76166,1480
78162,1456
78163,1457
78230,1462
76162,1487
77155,1488
78229,1491
77160,1492
84246,1532
76181,1505
78157,1510
83160,1616
83170,1619
87154,1660
86168,1650
87161,349
101258,1673
88177,1680
101299,354
128189,2347
128191,2349
128429,2358
128420,2364
128436,453
130170,2387
130171,2388
128407,2375
130169,2377
133353,2397
133354,2397
136236,2396
133359,2403
139189,457
139192,461
136237,2416
115534,2200
118216,2205
118221,2210
118181,2214
119433,2225
128202,434
123157,2273
124155,2279
128211,445
128162,2296
128166,2302
128180,2320
128167,2323
128170,2329
113160,2118
113167,2153
117163,2165
111515,2164
117166,11
115466,2178
115465,2186
103529,1976
103526,1991
103525,2005
106385,2006
105417,2007
104157,2012
103550,2016
105419,2028
106383,2038
106389,2041
106370,2033
110179,2062
110154,2065
110190,413
110189,414
91172,1691
96287,1707
97163,361
96280,1774
96242,1783
96245,1786
96251,1790
96275,1810
97164,364
97155,366
101168,1831
100166,7
100160,1830
101161,1846
100517,1847
101175,1862
100522,1871
101180,1872
101173,1873
101176,1876
101276,1902
101259,1885
101287,1899
101288,1900
101266,1910
101247,1932
101248,1933
101302,389
101250,1942
101286,1939
102600,1952
101281,1945
101285,1949
103541,398
200177,2829
200168,2838
206158,2851
203163,523
208159,2866
212160,2891
212164,2895
212169,2904
212171,2904
218329,533
218332,535
219170,2957
234157,2980
232578,2980
227157,2993
227158,2994
227183,3010
227186,3015
227190,3019
227210,540
184189,2733
188158,2752
184192,512
184177,2764
184178,2764
188165,2769
189168,2781
189169,2782
189159,2774
191159,2786
200157,2799
213157,2805
200164,2814
200165,2815
227176,3030
227203,3037
231158,3049
229167,3059
231173,3068
231174,3069
236157,3079
232550,3083
236158,3092
232551,3088
136161,2422
134528,464
136232,2462
136254,2466
136242,2451
136174,2459
139167,2496
139196,471
139187,2503
144157,2518
146161,2535
148169,2540
146172,477
149160,2551
153222,481
161165,2596
161166,2597
160162,2606
160157,2613
162166,483
161179,491
161183,491
161164,2637
161178,2604
162161,2647
164159,2655
170159,2660
165158,2669
173172,2679
173179,494
184158,2713
188160,2723
250740,3445
253687,3476
253682,3500
253683,3502
253655,3480
253676,3481
253639,3487
253692,3515
253688,3528
253644,3520
247713,595
247719,3330
248642,3340
248612,3344
249561,3364
249556,3369
249571,3374
249663,3378
249665,3380
249666,3381
250724,3403
249676,3414
250729,3418
250776,606
250749,3421
250751,3435
257165,3603
259174,3621
258228,633
258226,633
258220,3633
258222,3636
258223,3638
260503,3643
260508,3631
260521,3644
260501,3647
260512,3649
260517,3657
260514,3652
260527,637
263160,3664
265171,3671
265166,3672
265173,3673
265176,3675
265169,3678
275160,3686
246664,588
247670,3271
247675,3293
247661,3294
247653,3296
247656,3299
247695,3324
237183,3118
241684,3126
244931,3144
241689,3131
244925,3139
244919,3170
247706,3163
244927,3171
244937,3175
246159,3182
244943,3187
245245,3196
244953,3208
246170,579
246657,3224
246658,3231
253670,3537
253672,3537
252227,3539
256165,3552
256164,3555
256176,3561
256173,3564
256478,3581
257161,3590
256513,3591
256521,3592
257174,628
259160,3614
298181,3925
296206,3946
303161,3957
304174,3959
298188,3976
306159,3983
299234,3992
304167,3999
306165,4022
306161,4016
306164,4019
284169,3700
279184,3731
279207,649
279208,654
279209,656
279211,658
279180,3777
283162,3779
279205,3790
279205,3791
283183,3801
283196,3823
283175,3831
303182,4023
309190,4041
309210,4081
309241,701
309244,4096
284172,660
284176,665
284177,667
289177,3854
289185,674
294171,3896
294159,3901
294167,3909
327198,4283
327214,4239
327189,4287
342162,4337
341166,4345
342170,4351
341161,4352
347193,751
341174,4360
347177,4366
347191,4381
347185,4387
320188,4191
317237,4188
317243,4188
320167,4194
327215,4224
328168,4225
327205,4237
329165,4240
327175,4276
327201,4278
351165,4413
352172,762
352162,4452
352166,4455
352167,4456
355452,4482
355460,773
356388,4494
355462,4501
355468,32
355455,32
317228,4115
315167,4114
320171,4126
320197,710
317221,4144
315169,4131
315170,4132
315178,4139
317225,4157
317231,4154
406164,4894
406187,4903
416185,4914
406194,4929
415173,4935
416164,4954
416163,4958
416180,4972
424174,5002
424160,5003
430198,846
440180,851
424176,5041
430162,5055
440163,5054
430193,5077
430160,5078
440174,5079
440168,5080
430207,864
440161,5093
446161,5102
430177,5086
440182,874
366235,778
368166,791
370161,4627
366234,792
374169,4644
372160,4652
446163,5116
433161,5118
440176,5121
440178,5124
447170,5149
447174,5155
447164,5162
474170,5174
474182,5181
474197,879
474166,5191
474167,5192
453161,5184
453160,5188
453161,5193
454161,5193
453163,5194
489239,891
489186,5204
479274,5209
479253,5211
474188,5207
474184,5214
377165,4688
381168,809
381163,4707
377168,4715
380182,4723
381171,4718
381176,4743
381165,4732
379227,4738
379229,4738
383160,4748
384162,4755
393178,4767
393172,4778
393175,4789
400164,4791
393183,4791
393179,4794
403449,818
397290,4810
403292,4811
397273,4811
355456,31
356396,4528
356398,4529
361164,4546
361162,4553
361161,4554
366217,4557
366178,4565
366218,4572
393185,4814
393166,4816
397285,4821
397292,4823
403395,4824
403398,4826
397288,4826
397297,4830
403405,4835
403380,4835
403390,4835
403388,4835
403385,4835
403384,4835
397160,4849
403403,4839
400163,4846
399161,4859
399162,4862
403454,4873
403288,4876
645184,6060
620200,1018
747259,15
620183,5956
621167,5960
623166,5977
631186,6017
628228,6018
494166,5396
487263,5377
524167,5458
512186,5432
512207,944
512168,5482
778242,5484
524190,5494
524184,5503
527180,5509
540196,956
512177,5521
527174,5533
524231,959
527183,5542
524227,964
524223,965
489180,5240
489198,5226
489224,5275
489211,5284
489214,5288
489178,5290
479256,5293
479275,5297
489206,5320
489197,5338
489205,5357
489184,5327
489187,5354
487251,5361
489216,5372
487265,5365
553166,5651
542166,5658
553167,5660
567171,5677
562167,980
560170,5679
560168,5686
567166,5688
567180,985
567175,5692
601179,5711
595166,5717
586172,5719
601192,5736
601205,996
645192,6031
645187,6039
665202,1039
665209,1041
601199,1000
601200,1001
601167,5751
601189,5746
601190,5753
601191,5772
607200,5766
607191,5770
607171,5806
607185,5781
607167,5779
607170,5799
607176,5835
704199,5855
616184,5882
616189,5885
620198,1023
524178,5565
524230,972
532171,5584
524169,5587
540167,5600
540185,5615
535169,5618
527171,5601
527172,5602
540175,5623
778235,5637
553168,5649
709186,6241
704223,1080
704170,6253
708174,6413
708188,6427
709197,1089
708205,134
709179,6453
709192,6458
709191,6455
710174,6487
719170,6511
740167,6682
752231,155
646175,6090
646184,1048
645194,6093
646171,6104
665219,86
665234,97
665192,6123
665229,102
665176,6133
665197,6143
665166,6159
665185,6155
673171,6189
673168,6196
684189,6208
677169,6211
677171,6209
677183,113
677184,114
684174,6224
684199,1069
684179,6237
720168,6522
719166,6525
719174,6528
737184,6540
752237,6563
737187,6578
737204,153
810169,6632
747246,6655
747210,6661
747255,1098
704198,6266
760190,126
684196,6287
684168,6291
704197,6315
710168,6344
708167,6355
705172,6383
705173,6386
759184,6830
768178,6857
759199,6859
759205,6883
770175,6889
764166,1122
770179,6894
747173,6718
747172,6723
778205,6991
778212,6999
774170,7012
774178,7018
778215,7035
778220,7042
778226,7046
778249,7056
782203,185
778268,7068
781183,7072
778273,7078
781194,1140
781173,7085
782177,7134
782188,7121
782190,7123
782181,7132
781199,7138
781209,7148
782171,7159
794212,204
790216,1147
790217,1148
794199,7200
794178,7214
790209,1150
803225,207
790212,1154
794203,7235
790189,7241
790188,7244
796179,7266
796172,7263
796177,7272
803190,7288
747187,6736
752181,6768
752222,1114
759182,6779
752185,6812
753167,6820
752189,6824
769169,6923
770188,6930
769175,6940
774204,1126
770171,6951
774168,6964
774208,1127
774185,6966
774194,6972
774196,6974
774201,1129
778202,6982
839173,7562
805173,1164
805169,7359
808166,7374
806166,7394
825168,7414
825193,7421
828186,7438
825166,7441
825211,7445
833202,7602
833179,7605
836181,238
845169,7627
845166,7627
836180,7633
839170,7649
844173,7668
844191,7670
844192,7671
844199,7678
849475,7687
844186,7698
849470,7702
849506,7710
849517,1199
1009227,1199
849474,7718
825207,7457
828233,7461
828235,7461
825182,7469
825170,7474
828178,7482
828246,7487
828263,1174
828195,7504
828256,7505
833188,7513
833192,7517
828175,7526
828169,7532
828259,7539
828198,7540
828267,1181
862249,1212
862228,7851
862459,277
861304,7858
862265,7859
862264,7862
862268,7864
862464,287
862462,288
872207,291
872192,7883
872187,7893
872181,7894
862466,7885
872177,7899
871358,7946
876184,7966
876177,7968
876206,7955
876214,7986
876189,7987
876201,7989
876233,42
876202,7997
876212,7998
895176,8002
896180,1238
896172,8019
895174,8014
910181,8026
1415364,306
910227,308
910228,309
910205,8052
910230,318
910185,8076
911174,8092
913473,8096
922482,52
923170,8108
932607,8107
851173,7740
849489,7739
850174,7756
849509,7761
855171,7762
851179,7774
855177,7785
855199,263
855183,7794
862186,7791
862201,7798
862204,7798
862206,7798
862209,7798
862223,7798
854176,7813
862177,7817
862262,7823
862181,7828
862180,7820
862188,7832
862255,266
872183,7906
872173,7908
872201,7921
938403,8153
932645,54
958522,8571
958536,8576
958538,8578
958521,8587
960179,8604
932625,8172
945520,8188
932644,1258
938388,8200
945424,8205
938375,8207
938407,8209
938396,8219
938373,8227
938417,333
945521,8228
953347,8364
948257,8369
948258,8370
953298,8387
953321,8392
956652,362
953364,365
965222,8616
965176,8624
956636,8462
956627,8464
958497,1279
956628,8483
956651,382
956650,1281
958480,8503
958426,8502
955748,8516
958441,8521
958454,8533
958428,8540
960175,8550
960177,8551
958474,8568
953351,8422
953352,8422
953354,8422
953368,368
953371,371
958424,8440
956625,8443
953322,8445
956608,8451
938368,8216
938404,8220
945515,59
945455,8250
945414,8259
945517,66
945419,8278
945496,348
945500,353
945423,8293
944986,8325
944996,8344
965206,8675
965180,8694
1009215,8945
1009194,8946
1009222,8947
983171,8849
980172,8848
998173,8879
993173,8879
993172,8878
995181,8883
1001178,8889
1003175,8906
1003178,8903
1001180,8904
1001182,8911
1003173,8929
1003171,8931
1003194,109
1003184,8933
1009183,8935
1012510,8997
1012543,1352
1012528,9022
1012520,9024
1012552,117
1012505,9036
1012535,9038
1012537,9041
1012539,9043
1012489,9053
1016207,9054
966826,8699
966831,1308
966787,8715
966780,8723
977218,8771
977196,8781
977214,8782
976196,8783
977201,8798
977202,8799
977902,412
977199,8811
977190,8833
966785,8738
966793,8747
1555847,14882
1555853,14884
1570106,14903
1552786,14889
1552790,1599
1431875,14230
1439006,1749
1439005,1750
1481776,14434
1490796,1421
1490810,14471
1555854,14932
1555890,14944
1553776,14950
1448761,14340
1460759,14352
1462762,1763
1490789,1768
1484764,1406
1481906,1410
1485759,14452
1490826,1431
1490784,14506
1493759,14510
1490824,14516
1492765,14522
1490834,586
1494766,1442
1234420,1521
1234340,1521
1234352,1521
1234360,1521
1234374,1521
1234382,1521
1234385,1521
1234398,1521
1234433,1521
1234444,1521
1234448,1521
1234452,1521
1234453,1521
1234458,1521
1236049,1524
1238252,11239
1238258,11242
1238256,11247
1236051,714
1279245,11870
1282323,11893
1282266,11883
1282320,11903
1285254,11906
1285260,11917
1287247,11924
1287275,1562
1145251,10150
1147286,10162
1145246,10167
1147713,590
1148242,10183
1147309,10193
1147299,10196
1147703,10213
1154243,10239
1147694,10212
1147698,10219
1147697,10227
1104279,9861
1104277,9857
1106262,560
1104271,9863
1106244,9872
1113564,9890
1113571,151
1113566,9906
1118247,9919
1114309,9929
1113573,9933
1114298,9937
1114293,9947
1118248,9941
1118267,9965
1118262,9967
1118275,567
1121249,571
1154258,10266
1170593,10256
1154242,10258
1160242,10293
1163260,603
1168245,10326
1163258,10337
1165248,10343
1163269,10359
1163270,10353
1161278,10358
1163271,10368
1163266,10364
1055295,9645
1065259,528
1064249,9651
1064257,9655
1064256,9669
1064268,9671
1064285,9683
1065245,9694
1069244,9703
1071244,9706
1076247,9710
1088243,143
1182474,10589
1183272,630
1183273,631
1183275,633
1183279,641
1191242,10624
1185242,10636
1190257,10648
1191249,10653
1191251,10655
1204350,10665
1204343,10679
1204344,10680
1200246,10688
1165250,1466
1164478,1473
1206267,645
1213242,10699
1200466,10706
1201274,10711
1201278,10715
1102482,1429
1102481,9853
1118279,557
1102480,9849
1016223,119
1016197,9081
1016210,9088
1016203,9113
1166247,10387
1170606,10388
1170611,613
1168252,10406
1168271,607
1166245,10395
1168247,10412
1168243,10432
1171275,10444
1170591,10448
1171281,10451
1249331,1547
1234267,707
1171295,10416
1168260,10419
1171297,185
1171273,10459
1170590,10465
1171285,10471
1171292,10472
1171293,10485
1173249,10491
1172265,10519
1172253,10527
1177319,190
1172264,10516
1181243,10531
1190260,192
1177318,1476
1177316,10574
1210245,10832
1210252,10833
1210265,10835
1210255,10858
1211249,10841
1211243,10868
1221257,10880
1214249,234
1213572,10898
1232300,1498
1221264,10930
1222436,246
1217249,10941
1290281,11960
1290284,11967
1304249,11984
1290278,11989
1290287,11995
1297245,12003
1292256,12008
1292254,12009
1292250,12013
1294269,376
1296246,1567
1294260,12049
1298286,12046
1300264,790
1296248,12065
1296251,12068
1111244,9797
1100243,9823
1100250,150
1241272,337
1242354,11471
1246250,11490
1248252,740
1248246,11506
1249248,11510
1249249,11513
1249263,741
1248251,11515
1249262,1540
1248250,11521
1249335,341
1255345,11530
1249255,11531
1249319,11543
1249321,1541
1250323,11636
1249873,11626
1249874,11628
1250321,11637
1250322,11638
1249883,11648
1251253,11660
1262248,11653
1253242,11671
1252245,11682
1256247,11707
1255333,11728
1255327,11694
1264575,11695
1256243,11709
1039598,9376
1039472,9378
1041253,487
1041245,9405
1118244,9974
1118242,9979
1126244,9990
1122245,9996
1122246,9998
1132268,161
1132254,10025
1134260,10024
1242370,11354
1239244,11358
1242321,11364
1242324,11371
1242325,11372
1240270,11377
1240273,11381
1240275,11383
1241248,11400
1241262,11406
1269250,11407
1242246,11409
1242338,11416
1242340,11420
1242343,11425
1298294,380
1298281,12085
1304313,12100
1298280,12097
1300265,381
1321782,12108
1304278,12123
1303272,798
1303261,12137
1304258,12150
1304259,12151
1304262,12159
1304264,12161
1304269,12167
1304260,12179
1304296,12184
1304306,12190
1304317,802
1311261,12228
1311256,1577
1234314,1521
1234321,1521
1234400,1521
1234402,1521
1234331,1521
1234375,1521
1234377,1521
1234378,1521
1323758,12570
1325783,12578
1325848,1602
1325845,1602
1325833,1602
1325824,1602
1325819,1602
1325817,1602
1325847,1602
1325908,1602
1325904,1602
1325895,1602
1325887,1602
1325881,1602
1325878,1602
1325876,1602
1325870,1602
1325869,1602
1325865,1602
1325864,1602
1325861,1602
1325859,1602
1325855,1602
1325919,1602
1325916,1602
1325980,1602
1325966,1602
1325963,1602
1325962,1602
1325960,1602
1325953,1602
1325951,1602
1318908,829
1318917,832
1318819,12461
1318820,12462
1318828,12472
1318897,12478
1321765,12501
1320825,12515
1320830,12507
1320831,12508
1320838,12519
1320849,12534
1321768,12538
1323763,12563
1321776,12560
1314771,12252
1314759,12259
1311264,392
1312727,12282
1312732,808
1312723,12257
1312726,12286
1312721,12288
1313752,815
1313736,12298
1313743,12313
1330813,12749
1330819,12755
1330822,12758
1330823,12759
1330825,12761
1330765,12775
1330768,12780
1330849,1631
1330276,12804
1331764,12815
1326763,12622
1326096,12647
1326772,12627
1326773,12628
1360793,12918
1362765,12920
1031249,465
1039467,9212
1033249,9222
1034244,9227
1033269,9238
1034249,9245
1034262,9272
1033360,126
1034247,9282
1034245,9285
1034250,9286
1034243,9291
1033359,127
1036248,9307
1325950,1602
1325938,1602
1325937,1602
1325932,1602
1326045,1602
1326044,1602
1326042,1602
1326035,1602
1326024,1602
1326020,1602
1326012,1602
1328793,1606
1328795,1608
1328796,1609
1330796,12588
1330797,12593
1326770,12595
1326078,12607
1326765,12608
1325773,12615
1376761,13124
1376760,13126
1313980,12333
1414426,1704
1414762,13763
1414440,521
1414443,13769
1414759,1045
1417794,1047
1416006,13787
1341757,445
1340762,12828
1340759,1634
1340760,1635
1342758,12833
1347758,12842
1344757,12837
1354757,863
1359767,12854
1357758,12858
1360799,12859
1359757,12866
1393808,1684
1394331,13463
1394335,13477
1406799,13477
1397760,13482
1394313,13484
1394176,13489
1394330,13495
1394338,1688
1397765,961
1394317,13512
1397766,505
1394316,13507
1399784,506
1399770,13522
1326768,12631
1326077,12633
1326075,12636
1326087,12653
1328774,12671
1326088,12672
1328781,12681
1328783,12690
1330775,12694
1328768,12692
1330808,12702
1326086,424
1408766,12706
1328786,12705
1328802,426
1330780,12720
1440835,1336
1462760,14281
1439000,14283
1440888,14307
1446758,14313
1457763,1755
1446763,14318
1366451,889
1366921,13027
1370773,13029
1366885,13022
1366905,13035
1369779,892
1369765,13037
1369768,13040
1370766,13050
1366926,463
1366927,464
1371774,13057
1368758,899
1369766,13088
1366947,13065
1366945,13076
1373761,13113
1373759,13115
1416004,13882
1417770,13893
1416766,13911
1416760,13912
1417767,13897
1417766,13900
1417789,13901
1417803,13933
1417806,13936
1417813,1094
1416812,1101
1420762,13954
1421156,1115
1421133,13960
1401763,13531
1408065,13531
1408066,13532
1408067,13533
1401770,13535
1399772,13541
1406783,13552
1406778,13555
1406794,13561
1406760,13571
1408782,1690
1408039,13598
1407045,977
1408041,13603
1408044,13606
1408047,13609
1408049,13611
1408050,13612
1408763,13582
1407042,13627
1408772,13630
1408773,13635
1408776,13638
1408777,13639
1408786,989
1408783,1696
1505767,14602
1516772,14616
1516758,14619
1518788,1789
1380966,13197
1382911,13208
1379808,13212
1380974,13215
1380958,13222
1380993,13250
1382034,13283
1382130,485
1382198,13308
1382201,13311
1387783,13322
1386760,13340
1387793,13348
1387782,13353
1387816,487
1387817,489
1387818,490
1387823,495
1389052,13377
1389758,13378
1389055,13390
1389059,943
1421076,14006
1421144,14010
1423808,1160
1423809,1161
1423816,14018
1423803,14024
1423805,14025
1422800,14028
1421116,550
1421145,14031
1421151,1170
1423817,14044
1423810,14050
1431880,14224
1527915,14759
1527918,1801
1527013,1534
1529861,14773
1530772,1545
1530768,14786
1530774,1553
1414441,519
1414424,1701
1411799,520
1412762,13720
1412761,13729
1414418,13736
1414399,13741
1414761,13752
1465764,14372
1476799,578
1481769,14396
1476792,14400
1482771,1382
1481760,14418
1604938,15485
1613096,15637
1613044,15638
1615788,15651
1604955,1909
1604957,1912
1607389,1913
1607390,1914
1608772,1939
1609911,1943
1609769,15542
1609770,15544
1609781,15552
1564770,15041
1564774,15027
1564777,15029
1563803,1664
1566775,1675
1568771,1682
1569919,1839
1570115,1693
1568769,15051
1570117,1697
1572771,1704
1575770,1709
1574068,1842
1577935,15091
1582783,15106
1581801,15107
1582784,15108
1582767,15110
1582771,15114
1582772,15115
1613935,15571
1614773,1913
1613069,15661
1613066,15664
1613125,810
1429777,1264
1429023,1275
1429244,1277
1435832,14221
1359763,12883
1360778,12898
1612771,15583
1613059,15587
1613108,1950
1613093,15606
1613094,15607
1613095,15609
1613941,800
1613110,1962
1615863,1964
1615045,1967
1615845,15634
1612774,15615
1613082,15621
1048287,9463
1048280,9467
1048262,9483
1421969,1122
1421120,13973
1421979,1140
1422799,13988
1421082,1157
1204304,10739
1204306,10741
1204309,10747
1204352,10777
1210270,652
1210271,653
1204340,10811
1206245,10797
1210278,650
1206247,10803
1207308,10816
1207307,10819
1213589,661
1213590,662
1314008,12347
1314009,12350
1314770,12349
1314015,12356
1314042,12361
1314034,12365
1314035,12367
1314041,12374
1314028,12378
1317272,12406
1323757,12419
1316818,12412
1316819,12413
1317264,12420
1318909,821
1132249,10035
1132260,10038
1249333,1550
1249325,11596
1250296,11602
1253259,751
1249316,11566
1249297,11571
1249305,11577
1250304,747
1249329,1543
1421123,13964
1420765,540
1221245,10960
1221274,685
1221277,688
1221278,689
1221280,691
1221258,10962
1223247,10966
1223243,10970
1222282,694
1221283,10987
1222270,11001
1222421,11019
1222447,268
1222448,269
1222456,271
1222439,279
1224242,11048
1226243,297
1227243,298
1262255,755
1270251,1556
1264250,11744
1263246,11756
1264249,11768
1264576,11767
1264262,359
1272247,11782
1270246,11783
1269254,11793
1269248,11799
1270250,11814
1272267,361
1273246,11823
1272260,777
1272265,363
1271284,11844
1271276,11849
1271279,779
1275245,11862
1311260,12239
1311255,1574
1232254,11132
1232285,11134
1232262,11145
1232278,11144
1234292,11165
1234255,11219
1234247,11170
1234248,11171
1232266,11180
1234242,11192
1232275,11206
1232244,11208
1015175,1332
1009201,8963
1009219,8972
1009192,8987
1134258,10050
1141271,10064
1141256,10081
1141261,10086
1141246,10096
1141253,10098
1140254,163
1141262,10115
1147307,10129
1141285,10138
1287252,11942
1287265,11957
1290280,11958
1202262,10720
1202265,10724
1202260,10737
1423826,1726
1424877,14071
1423830,1181
1424875,14058
1423838,1729
1426761,14075
1052566,9548
1065254,9549
1056250,9558
1052570,9571
1052559,138
1051246,9561
1052549,9564
1051247,9565
1052542,9582
1052534,9599
1055299,512
1056266,515
1052553,9610
1056246,9614
1055242,9621
1056243,9635
1056247,9639
1039283,1381
1036251,9327
1036257,9363
1330771,12736
1435809,14249
1435848,1316
1436764,570
1438762,573
1408762,13655
1409178,513
1411790,13680
1411798,1009
1414437,1010
1411767,515
1411791,1697
1048294,1399
1048256,9500
1048260,9503
1048263,9508
1048275,9509
1051257,9524
1050258,9536
1050281,495
1017243,1361
1012499,9059
1012519,9063
1496291,14543
1498783,14562
1499763,14566
1499770,14571
1494776,14551
1494778,14553
1498784,1458
1499792,14576
1498786,14576
1499774,1782
1500909,14585
1499791,14588
1414769,13795
1414785,524
1414784,1058
1416009,13799
1415321,13813
1415342,13834
1417783,13852
1415957,13860
1416017,1710
1417773,1064
1416023,13876
1415361,13880
1389765,13401
1033261,9186
1033272,9189
1026243,9198
1033250,9200
1030238,1368
1027226,9203
1090253,9749
1093245,9750
1088249,9741
1095246,1422
1516784,1786
1518781,14654
1363766,12931
1362766,12942
1365761,12953
1365770,12965
1370771,12972
1366894,13005
1366895,13006
1366899,12984
1370767,12988
1366906,12990
1369785,886
1366448,13004
1518765,14657
1518783,14662
1518775,14666
1518787,14668
1426769,1730
1426766,1731
1426795,1213
1426799,1215
1426771,1208
1426839,14123
1552791,1619
1555862,14963
1555888,14976
1555863,14965
1557974,739
1379784,13141
1379780,13146
1379800,13144
1379797,13149
1379770,468
1379771,469
1379795,13153
1379788,13159
1379786,13160
1519996,1504
1519989,1791
1527761,14692
1518804,604
1427758,14105
1429770,14121
1429784,1231
1425097,14132
1426843,1244
1426849,1253
1429130,14134
1427760,14134
1425098,1245
1426830,14150
1581783,1845
1581787,1847
1379802,13163
1379790,13174
1379777,13178
1380939,13187
1518773,14689
1519991,1798
1519970,14695
1520004,14713
1524900,14715
1522773,14716
1551787,731
1552778,14908
1555871,1825
1551784,733
1551768,14917
1551775,1826
1553778,14934
1552767,14921
1589773,15236
1587874,1786
1589887,15244
1589769,15246
1587877,15250
1591849,1793
1594068,1805
1594067,1806
1592770,15265
1592775,15269
1592793,765
1592795,767
1592785,15293
1592786,15294
1592787,15296
1591825,1870
1591824,15311
1592813,15313
1592830,15324
1592219,1822
1592220,1823
1592216,15333
1594075,1826
1594076,1827
1594770,1829
1582775,15147
1581802,15120
1581794,15155
1581776,15160
1533804,617
1533806,619
1533813,626
1533818,631
1533821,634
1532917,14833
1533830,643
1536873,1811
1536891,651
1536897,658
1536925,707
1536912,719
1536956,674
1536884,725
1581798,15178
1581803,15175
1583347,1758
1582880,15189
1583230,15186
1586791,15213
1583369,15217
1587868,15223
1581790,1850
1581784,1851
1581773,15166
1583358,1737
1583362,1741
1581770,15171
1533776,14802
1533795,14815
1533783,1808
1532910,14840
1599008,776
1603353,1846
1599097,15385
1599102,1848
1603337,15449
1601961,1887
1603339,15462
1603351,1889
1603357,788
1603333,15467
1603328,15468
1603330,15471
1603332,15479
1599310,1872
1601965,1878
1601937,15445
1601959,1875
1558788,1642
1558776,1643
1600968,15390
1599099,1854
1599100,1855
1600978,1856
1601950,15398
1603335,15404
1601946,15404
1601934,15405
1599295,15403
1599304,1885
1599298,15433
1601924,15415
1601960,1867
1633021,1925
1634035,2099
1633591,15924
1634029,1934
1633019,15898
1631517,15888
1633030,2095
1634044,834
1631493,15827
1631514,15828
1631534,2060
1629418,15830
1629277,15790
1629412,15832
1629421,15842
1634590,2073
1631529,2080
1631506,15874
1631511,15875
1631532,2083
1633028,2084
1631541,15877
1631542,15878
1633018,15879
1631524,15815
1633031,2088
1642730,2240
1642755,2245
1645158,850
1645143,2255
1645146,2258
1646233,2261
1645311,2263
1681360,16291
1678238,16294
1692245,2271
1673284,16293
1679381,16305
1673275,16299
1617837,15774
1631520,15788
1629282,15792
1628999,829
1631499,15811
1631510,15816
1631509,15817
1631505,15821
1629276,15824
1631539,2050
1631500,15802
1629274,15810
1709237,16456
1708239,16463
1722413,16473
1709244,16398
1683245,16322
1680303,16329
1680302,16330
1677245,2292
1677240,16337
1773386,2597
1773374,16888
1773373,16889
1773337,16871
1773332,16882
1812674,17337
1812651,2080
1813971,2781
1812666,17355
1812669,2785
1812677,2081
1812678,2082
1799371,2711
1801744,2719
1796688,17210
1800330,17221
1799338,2724
1799332,17232
1828976,17469
1828974,17471
1828968,17476
1978529,18913
1981296,18933
1979441,45
1979306,3786
1978796,3787
1980332,18948
1981297,18961
1979440,1043
1985289,18991
1984555,19017
1981284,18973
1987569,3813
1987570,3814
1987571,3815
1986298,19043
1986516,3823
1835252,2901
1837089,17570
1837994,2904
1884639,17940
1884653,3163
1882222,3155
1956038,18560
1956032,18560
1956025,1003
1960240,3548
1959969,18674
1962301,3632
1958988,3633
1963177,18690
1962170,18697
1962969,18691
1960984,18707
1962277,3643
1962279,18698
1821992,17404
1822017,2812
1822011,17405
1822009,17417
1829591,17427
1823089,17441
1827059,2839
1828989,2844
1827060,2841
1686244,16302
1686250,2302
1686248,2300
1681363,1967
1681375,16365
1686262,2310
1681362,16361
1687242,1968
1634046,837
1633653,15954
1636002,15978
1633643,15983
1633593,15979
1637252,15988
1615511,15677
1615512,15678
1615839,15689
1615802,15702
1615803,15703
1615804,15704
1615808,15708
1615828,15726
1640587,16087
1640564,16125
1640561,16127
1643427,2173
1640577,16130
1708249,1975
1704241,16440
1706237,16441
1706240,16444
1706243,16449
1643986,16224
1643987,16225
1642333,16226
1642443,16234
1642726,16242
1642732,2237
1642729,2238
1642741,16254
1770828,16809
1769144,16810
1770759,2546
1770756,16812
1770831,16813
1770830,16818
1769163,2555
1769158,2561
1769183,16824
1771313,16826
1769147,16829
1769185,16832
1769151,2569
1770837,2570
1737271,16576
1737253,16592
1748237,16595
1777908,16969
1777790,16970
1779334,2627
1779336,16975
1780328,2629
1780555,17004
1781328,17000
1780603,17006
1780565,17016
1780625,2637
1753266,1996
1758345,2437
1753473,16644
1753260,16645
1753269,1999
1752244,2439
1793591,2696
1793596,17150
1796430,17174
1799344,17179
1799343,17180
1770575,16775
1770246,2526
1770256,16783
1770266,2531
1770579,16786
1771323,868
1770574,16796
1770294,2535
1768934,16798
1770580,16800
1771318,16807
1904141,3268
1904158,3272
1904157,3273
1902991,18185
1902269,18201
1902267,18203
1902973,3290
1904150,3301
1901486,18231
1780613,883
1780607,17041
1784327,2649
1792363,17051
1782853,2654
1785426,2655
1785423,2658
1782674,17063
1783368,17066
1914433,18354
1914438,18362
1914414,18357
1914424,18377
1914463,965
1914464,40
1921214,18312
1914479,3408
1914487,3414
1836279,2879
1836274,17525
1836405,17533
1835145,2100
1841097,17537
1940974,18492
1940983,3517
1940989,18533
1940993,3525
1846976,900
1848105,17643
1850988,2952
1849989,17665
1849987,17667
1852109,17668
1853986,17682
1870288,17763
1864020,3035
1863989,3037
1865966,3041
1863046,913
1863041,17784
1867056,17785
1869159,17799
1869507,17796
1869342,2132
1877981,3114
1877982,3115
1875679,17874
1875462,3116
1875313,3122
1875312,3123
1878992,3142
1914437,18340
1918010,18331
1918013,18335
1920040,3423
1920034,18411
1920097,18430
1922974,18437
1920095,18434
1922995,18442
1928048,18444
1928061,3452
1928063,3454
1970352,18803
1970363,18814
1970339,1015
1970397,18829
1971130,1028
1973334,18836
1974483,18860
1974276,1033
1642021,16110
1642037,2170
1639070,2176
1642027,1951
1643415,16148
1642035,1954
1643431,846
1643430,844
1642240,16179
1643763,16181
1643978,16191
1928046,18457
1928067,3463
1928056,18466
1930049,3477
1928059,3470
1929505,3485
1644001,2213
1644002,2214
1643988,1961
1643774,2218
1643761,16213
1643760,16219
1642331,16216
1643976,16218
1642248,2196
1642334,2215
1769709,16757
1769413,16754
1770270,16767
1708265,2332
1701454,16437
1773367,2602
1773397,2603
1773400,2606
1777900,16930
1777980,16937
1777978,16939
1777976,16941
1777794,878
1722415,16475
1712283,16482
1717247,1988
1735258,16519
1737251,16507
1737892,16512
1735242,16513
1737891,16516
1737898,16527
1752242,2377
1737897,16529
1737896,16531
1731399,16535
1852413,2983
1852410,2986
1855971,17714
1855137,2995
1855125,2995
1855982,17729
1855972,17731
1853975,3005
1853974,3006
1863036,17737
1855983,2124
1855974,17746
1863979,17758
1751245,16612
1751244,16613
1748244,16627
1751254,2424
1870205,3066
1869347,3060
1873162,3075
1877971,17830
1877967,17831
1884969,17837
1880966,3091
1873998,3084
1873156,17849
1875156,3097
1875160,3099
1883976,17855
1761239,16694
1760570,2493
1760576,2496
1769256,2499
1769258,2504
1769237,16714
1770239,16721
1770283,16727
1769245,16739
1769247,16743
1880251,2146
1880265,3174
1883072,17956
1883059,17965
1883086,17965
1883065,3195
1883081,3205
1758331,16651
1753462,16653
1753466,16657
1753457,16663
1753482,2461
1753484,2462
1753492,2469
1753495,2472
1758327,16670
1760567,2479
1758337,2483
1761237,16692
1885151,3219
1884596,18010
1884592,18031
1885137,3220
1886974,3230
1886978,3231
1886981,36
1773363,16847
1773328,16848
1773348,2573
1773347,2576
1773555,16863
1894471,18069
1889550,18088
1889549,18089
1889257,18090
1902985,18093
1897404,18116
1897406,18118
1897409,18128
1849998,907
1860966,17687
1852406,2973
1849404,2114
1850984,17695
1852115,17703
1852395,17710
1870296,3000
1852397,17707
1902007,18237
1907046,3328
1902404,3335
1902260,18261
1902274,2168
1902999,3337
1884605,17971
1884633,17981
1884599,17984
1884598,17985
1884614,17989
1884612,17991
1904166,3339
1904980,3352
1902403,2179
1904148,3346
1904129,18278
1906016,18289
1905969,18292
1906314,18295
1914482,18306
1917978,951
1930046,3369
1912971,952
1912975,957
1915024,18317
1915026,18318
1914127,3370
1914128,3371
1897195,18135
1893983,18139
1897197,3254
1894453,18160
1964073,3670
1969385,3680
1969376,18774
1973332,18776
1973350,3681
1969384,3683
1970341,18792
1970344,18794
1969075,18797
1956034,18618
1948814,992
1952970,3590
1953111,3596
1963370,18649
1955980,18660
1962283,3641
1962284,3642
1963179,18728
1962302,1011
1963184,3656
1963190,18740
1962313,3664
1963374,18745
1962385,2212
1962387,2214
1962381,18747
1962388,2216
1975464,3738
1974274,3741
1975460,18877
1981277,18891
1976383,18898
1978551,3768
1978550,3769
1981278,18906
1981286,18907
1634591,2113
1636004,16008
1636004,16010
1635132,16010
1636004,16011
1637273,2149
1638330,16058
1644188,16066
1640559,16072
1640603,841
1642030,1943
1640596,2163
1735269,2388
1735254,16551
1735259,16540
1735263,2391
1736239,16570
1941003,3531
1941970,18536
1940999,18537
1941973,18537
1942971,18537
1942973,18539
1942975,3543
1948163,18555
1948164,18556
1963377,3547
1947084,983
1948999,18567
1948153,18579
1948154,18580
1949147,18582
1949204,3569
1951970,18588
1782907,2047
1783366,2668
1792374,2670
1794335,17081
1794336,17083
1788334,2675
1788331,17090
1788330,17102
1815213,2793
1813979,17357
1814015,17360
1816137,17361
1821996,17367
1821980,17371
1821977,17375
1822057,17385
1615831,15744
1615875,823
1615876,824
1615870,2023
1615871,2025
1615792,15750
1616794,15762
1841099,17587
1841098,17588
1848073,17599
1848070,17602
1848086,17609
1848076,17632
1848117,2945
1788329,17106
1792365,17113
1793611,2061
1793588,17135
1803678,2072
1803681,2075
1796438,17212
1802668,2732
1802670,2735
1802669,2738
1806650,2746
1803057,2741
1807239,2752
1809733,2761
1811699,17304
1809732,17321
1809696,2767
1829594,2867
1831970,17494
1835121,17487
1829598,17492
1834049,2873
1831967,17504
11448,240
14347,253
14356,256
14360,260
20613,45
14448,284
14452,286
14453,286
14460,289
15947,290
15955,295
15979,296
14570,334
15981,334
14572,338
14681,348
16056,341
16057,341
9372,172
14508,179
9353,159
14313,167
14314,167
14476,14
12172,194
12175,199
9226,205
9364,212
12161,213
14515,26
9370,211
11444,218
15980,227
14379,264
14390,266
14394,267
14397,267
14399,267
14405,267
14412,269
14413,269
14415,269
14309,232
1899068,18153
1899063,18148
1902983,18224
4004,8
4005,11
4008,12
4226,20
4281,61
7015,42
7007,75
7041,79
6488,95
7017,104
7018,104
7020,112
7025,123
63060,126
7038,132
7882,142
9216,142
7893,146
7896,146
7901,147
14293,137
7913,12
7916,157
14316,167
14320,167
14322,167
29428,655
35020,676
35023,676
29436,668
29433,670
35058,687
35043,690
35067,695
35062,696
35033,697
35034,697
35035,697
35016,697
35031,698
35038,699
35041,702
42018,707
42033,712
42015,714
42047,720
42049,720
42075,733
42042,726
42060,737
42022,738
44721,815
44755,820
44758,824
42185,842
44778,843
47491,852
48025,891
47507,859
47513,881
47515,895
20608,505
23394,508
22175,513
23397,512
23373,516
23500,529
24042,530
24020,523
24030,526
24031,527
24045,539
24052,539
24053,539
24058,540
24065,541
24066,541
24073,543
24074,546
24077,546
26433,559
26437,561
26416,575
20014,403
20025,403
20030,403
20031,403
26439,406
18013,413
19369,422
21347,415
19389,425
19363,431
19365,434
21142,443
21150,444
21166,447
21170,447
20039,435
20017,440
20021,440
21196,449
21198,449
21200,449
21201,449
21206,449
21207,449
21213,451
21215,451
21216,451
21217,451
21222,451
21223,451
21225,451
21228,451
21229,451
21247,451
21248,451
21275,453
21353,92
21295,469
21312,470
21318,471
21323,471
21329,471
21337,471
21361,474
21375,481
42023,746
42021,751
42087,152
43016,756
63055,758
43024,766
42124,784
42092,174
42093,175
42084,163
42076,770
42081,773
42151,787
42130,183
42121,790
44750,807
44748,813
26425,579
26419,589
25387,593
25388,595
26422,601
47516,612
30188,125
26443,629
26444,629
30054,123
27055,638
29419,654
42032,651
47517,657
17303,342
16077,342
17316,344
17318,344
17327,345
17334,347
17343,347
14742,364
17353,352
17365,373
17382,374
17390,375
17357,379
19356,387
17414,393
17419,393
68561,1294
68558,1295
68563,1298
73145,275
73132,1305
68566,1308
69090,1314
69085,1318
68568,1322
69092,1325
69095,1331
72038,286
72031,1369
73155,1382
63026,1195
63066,1203
63039,1207
68150,253
66485,1228
68556,1241
68152,261
67170,1272
67214,1274
67164,1277
67210,1290
78173,1517
78168,1517
78170,1517
76856,1526
79188,1540
76863,1546
76866,1550
82357,322
82329,1593
82338,1609
83154,1612
54706,1032
54711,1039
56061,224
56052,225
54703,1022
56050,229
59032,1052
56067,1056
56068,1057
56047,1047
59029,1071
63053,1076
59038,1083
59469,1109
59481,1135
63051,245
62240,1178
62238,1171
66496,1174
63040,1199
47520,203
48038,919
47563,924
51036,921
50060,209
47567,210
51034,947
47565,940
51022,946
51030,955
51038,951
51042,951
52027,963
56024,966
51051,970
51053,971
52025,959
56025,969
54034,974
54035,974
53040,218
53035,990
73148,1387
74473,1405
73652,1413
73223,1420
74544,1433
74547,1439
74548,1444
75154,1453
76175,1467
76159,1469
76168,1479
76163,1452
76176,1465
76154,1466
77159,1498
76182,1519
78176,1499
78182,1504
78165,1509
78158,1512
83169,1622
83166,1623
83167,1632
84257,1636
88173,1665
87162,1663
88175,1668
96289,1675
101297,354
91186,356
128406,2347
128427,2354
130167,2378
130173,2383
128432,449
133356,2397
153209,2435
136182,2414
148158,2400
118220,2207
118222,2213
119428,2219
121187,2241
121428,2242
121178,2246
121180,2248
121181,2249
121172,2252
121241,2259
121246,2275
123159,2275
124198,2292
124199,2293
128174,2291
128165,2299
128205,441
128197,2315
128183,2332
128172,2321
128201,13
110176,2108
113183,418
110178,2116
113171,2128
113186,423
113164,2150
111512,2160
111514,2162
118176,2171
118187,430
118180,2192
115537,2196
105421,2008
106371,2022
106391,2023
106393,2037
106381,405
106369,2032
105427,2035
106395,2047
106407,2053
108300,2064
110181,2064
110172,2055
110183,2075
110184,2076
110157,2098
110194,413
90159,1697
91178,1701
91174,1700
91166,1706
91176,1710
101244,1721
96258,1734
96261,1743
96263,1743
96235,1749
96236,1794
96231,1767
96265,1771
96252,1790
96277,1810
96273,1808
96294,1823
100161,1833
100519,1851
101270,1880
101307,381
101272,1889
101277,1906
101263,1913
103513,1917
103501,1923
101256,1930
101289,1956
101282,1946
103535,391
103533,391
101290,1957
103518,1985
106373,1975
200175,2827
200179,2831
200181,2834
203165,523
200201,2853
206157,2855
218305,2861
218323,528
212177,2881
212161,2892
212162,2893
212180,2904
218307,2906
218312,2929
222164,2938
221157,2950
219172,16
219167,2959
225159,2986
225160,2987
229158,2997
227164,3009
228157,3029
227209,539
227214,544
227218,549
184188,2725
184194,503
184167,2746
184186,2749
188157,2752
188161,2758
184180,2765
188164,2768
189158,2772
218295,2781
189163,2778
200158,2800
200200,2791
200198,2795
200160,2803
200195,2806
200185,2811
200162,2812
200190,2817
201167,520
200187,2823
227202,3036
231166,3052
229166,3058
229165,3060
228158,3061
229163,3062
229164,3063
232562,3071
237185,3072
231170,3076
232564,3086
232552,3089
232559,3103
136246,2420
134522,2424
134527,464
134526,464
136251,2448
136173,2458
139161,2481
139182,2510
148161,2511
139186,2501
144162,2512
146157,2517
148163,2523
153219,2527
146163,2530
146170,2536
146171,474
153213,2553
149161,2557
153216,2566
153208,2559
155176,2591
153208,2570
155169,2585
155172,2588
157158,2593
157164,2601
157162,2603
161175,2604
160161,2607
157161,2608
157165,2609
163164,489
160158,2626
161172,2631
164161,2650
164163,2659
164165,2668
165160,2670
173162,2687
173163,2688
173174,2693
184165,2710
183158,2723
250739,3446
250777,619
250745,3467
252229,3478
250761,3455
250746,3472
253697,622
253656,3483
253652,3495
253643,3497
253663,3524
253664,3529
247718,3330
249671,3343
248637,3340
249681,3362
249667,3382
250726,3385
250723,3403
250725,3390
249569,3395
249674,3407
250727,3416
250730,3419
250773,616
250752,3436
257164,3604
257168,3611
259159,3617
260523,3620
260504,3643
260510,3642
260511,3648
260526,24
275162,3688
275172,3695
247651,3219
245013,3221
246166,3248
247665,3261
247688,3272
247681,3277
247680,3278
246746,3284
246745,3286
247652,3289
247691,3300
247711,3312
247716,597
232565,3099
232572,3106
232574,3109
232575,3109
243159,3127
245238,3151
245021,564
245010,3185
246656,3213
246648,3239
253675,3532
256163,3556
256187,625
256185,625
256468,3586
256514,3592
487261,3592
259161,3608
298162,3923
309204,3931
298177,3943
298178,3943
296211,3944
296207,3952
298196,3955
304170,4006
304182,4004
306162,4017
279169,3702
283165,3705
279198,3705
279182,3706
275176,3712
279212,3740
279199,3718
279171,3753
279201,3758
279203,3762
283167,3769
279203,3769
279214,3771
279215,3772
279219,3798
283182,3800
283187,3814
283213,3818
283191,3819
283193,3819
289159,3821
283180,3824
283170,3831
283177,3832
283202,3840
309191,4044
309173,4050
309202,4053
309183,4062
309227,4072
309235,695
283199,3836
283200,3836
284166,3849
289164,3853
289165,3856
289176,3863
289179,3874
289180,3880
289186,675
290161,3888
294165,3904
294172,3905
294173,3906
294170,3915
294180,678
294177,681
327165,4250
327231,727
327186,4285
329167,4306
347187,4341
342160,4318
347162,4330
341170,4333
341190,737
348159,4351
347159,4355
347171,4359
341181,745
356369,4404
327174,4175
327196,4178
317236,4169
320176,4181
317238,4188
320169,4192
320168,4193
320183,4205
320181,4197
327193,4211
327218,4221
328169,4258
351166,4411
351160,4414
353159,4425
356368,4427
356385,4448
352164,4451
356392,772
350615,4465
352176,768
352168,4458
356356,4459
356366,4476
778207,4501
355459,776
309230,4093
312163,4098
320159,4099
313161,4110
315159,4118
315161,4104
315163,4106
315166,4109
320163,4123
320196,708
320198,711
317223,4148
315174,4135
317229,4150
317227,4152
317224,4156
317234,4163
406174,4908
403453,4909
406182,4905
406185,4910
411372,4932
416178,4940
416175,4941
416176,4948
416183,4952
416168,4961
416166,4951
423159,4979
430183,4980
424185,4996
424178,5004
425161,5008
424182,5013
430197,845
424177,5043
430209,855
430211,858
430185,5072
430204,867
430174,5071
430175,5083
440160,5114
440164,5104
366181,4587
368161,785
366211,4600
366222,4601
366225,4618
366198,4637
372172,794
372159,4646
374159,4666
374172,4662
374166,4669
374165,4672
375165,4682
440173,5108
446170,5126
446164,5152
447166,5161
474171,5175
379207,4686
379210,4687
379214,807
380178,4707
377171,4715
377175,4715
380180,4724
381166,4716
381162,4722
380176,4728
379219,4735
379224,4738
382166,4738
397268,4772
393182,4780
397284,4777
393167,4797
397302,819
355426,4488
355444,4515
356400,4535
361160,4555
366189,4550
366179,4566
366195,4567
366196,4568
375163,4591
375161,4594
397308,825
397281,4834
403451,821
397283,4813
403391,4835
403401,4838
403392,4840
403373,4841
396159,4843
403446,4852
403443,4855
403444,4856
399159,4860
403289,4874
403290,4875
406163,4886
406179,833
403452,835
665199,1043
620187,5936
616174,5947
645200,17
645198,25
623167,5981
624166,5984
627168,5988
631175,5999
631170,6003
487255,5380
493171,5403
493169,5405
493173,5410
493174,5411
512171,5456
512166,5460
505172,5441
506171,5444
506166,5445
512191,905
512188,5469
512202,933
512203,934
512208,942
524182,5500
524177,5535
540187,958
527184,5543
524213,5562
489235,895
475173,5224
479264,5241
479261,5267
479255,5296
489207,5300
481166,5303
487268,901
489232,5308
489170,5312
489189,5317
489168,5330
489192,5355
489193,5356
489171,5366
550166,5652
560173,5667
560176,5673
560169,5685
567173,5696
567167,5697
601197,5712
607181,5723
601184,5727
586169,5729
601204,995
631179,6019
631174,6022
665231,56
601206,997
607198,5762
601172,5784
601173,5785
607192,5802
601169,5800
607177,5813
610166,5823
607194,5824
607213,1014
607205,5828
607166,5837
616213,1016
620190,5879
616188,5886
620181,5893
620166,5912
524202,5576
524172,5593
540166,5631
540186,5641
540182,5645
540177,5642
704219,1076
684206,116
708190,6405
708203,6408
709175,6410
708185,6421
708192,6450
709200,6478
710177,6493
720169,6499
747271,1105
747199,6673
747179,6677
815166,6707
752232,157
752235,157
646180,6088
646183,1047
646172,6098
665173,6116
646168,6108
646178,6110
646169,6115
656166,74
665217,84
665220,87
665223,90
665225,93
665232,96
665228,101
666169,6166
665174,6167
665184,6170
666166,6179
672216,6202
677173,6220
684178,6228
684181,6233
737188,6542
737189,6543
737190,6544
737180,6547
737185,6550
737173,6556
734166,6564
747266,6571
738186,6569
738188,6577
738189,6581
738181,6589
738197,6591
738198,6593
747227,6620
747196,6625
747195,6626
810171,6632
738169,6635
752210,6646
747211,6660
747206,6666
747168,6631
752230,126
709184,6278
684208,128
704192,6309
704193,6310
704214,6294
698167,6329
704182,6330
704171,6321
710172,6342
708169,6358
708170,6360
708171,6362
704188,6349
704207,6379
704177,6380
708182,6403
760189,165
760194,166
760186,169
760166,6854
760172,6860
759207,6869
759203,6877
770177,6900
768172,6904
768174,6905
790196,6901
768180,6918
778233,6929
747252,6716
747171,6722
747175,6721
747169,6724
747235,6726
774175,7004
774177,7011
778240,7006
774216,7030
774179,7027
778199,7055
778264,7060
778270,7069
782168,7082
782198,7088
783737,7099
782172,7099
782206,194
781203,7116
782192,7125
782193,7126
782182,7130
781202,7141
781210,7147
794206,198
790186,7175
803194,7176
803195,7183
794188,7182
794195,7196
803224,206
790198,7237
790181,7238
790190,7240
790179,7246
790177,7248
796174,7265
803192,7283
796169,7280
795338,7303
747191,6744
752202,6749
752200,6751
752199,6752
747260,6759
760167,6770
752220,1112
752190,6785
759204,6786
752194,6775
752206,6792
752216,6795
759190,6803
759192,6806
752187,6822
753168,6828
770187,6915
770183,6919
770185,6944
769171,6946
770172,6960
774200,1128
778237,6996
778258,180
778263,182
774189,6986
833184,7557
833193,7563
836170,7586
833190,7596
803212,7296
795339,7308
795342,7311
821166,7321
803169,7313
803222,1163
799166,7342
803173,7350
803188,7353
805179,1170
805166,7363
803177,7366
803196,7369
817166,7409
825167,7420
825174,7423
825201,215
828190,7430
825212,7445
833203,7603
836174,7613
836171,7617
836177,7619
836178,7624
844189,7632
844168,7663
844184,7680
844193,7684
844181,7686
849505,7707
1009228,1201
849520,1202
1008178,1202
828212,7450
828218,7450
828221,7450
828225,7450
828227,7450
828211,7459
828234,7461
828236,7461
828171,7464
825183,7470
825172,7475
828252,7489
828185,7535
828199,7541
828255,7545
833168,7549
833208,1191
828270,1184
862231,7838
862235,7839
862248,1211
862178,7843
862260,7845
862455,272
862453,277
876183,7897
876222,1218
872176,7898
871342,7926
910217,298
871339,7936
876198,7952
876194,7965
876232,1232
932630,8129
895181,1234
895175,8008
896179,8011
896173,8020
896174,8023
910188,8028
910225,304
910190,8066
910182,8067
910172,8068
910186,8077
911175,49
910196,8088
911172,8089
911173,8090
913474,8097
913470,8098
849499,7720
849491,7739
849495,7739
849479,7745
855187,7763
851178,7771
862246,1207
861293,7789
861296,7789
861297,7789
861302,7789
855184,7793
855196,260
862241,7799
862207,7798
862213,7798
855203,37
855173,7804
862183,7809
862245,1209
862189,7821
862232,7836
871360,7900
871351,7914
872171,7917
872170,7918
932616,8156
924172,8158
932599,8164
932635,1247
938411,321
958531,8584
958519,8588
958526,8592
932620,8180
932626,8183
932610,8185
938386,8194
938387,8194
938400,8192
932643,1257
938409,1259
938415,327
945484,1262
953344,8361
953345,8362
948259,8368
953312,8371
953314,8373
953356,8377
953306,8388
953359,1273
953301,8402
966835,394
965174,8620
965186,8628
965197,8639
1009252,395
965215,8662
965208,8651
958506,378
958463,8467
958507,379
958498,1277
956631,8486
955746,8495
958481,8503
955740,8514
955750,8519
958475,8528
958451,8530
958466,8520
958467,8522
958459,8536
960173,8548
960176,8551
958460,8562
958492,1296
958468,8561
958491,1297
953308,8410
953360,1276
953328,8414
953323,8429
953373,373
958543,8433
956641,8436
956619,8439
953302,8447
945468,8247
945469,8248
945458,8250
945456,8250
945437,8250
945489,336
945490,337
945425,8269
945401,8272
945426,8285
945495,347
945497,349
945499,352
945501,355
945508,357
944984,8321
944987,8322
944991,8324
944983,8327
1028224,8327
944992,8331
965219,8671
966789,8679
964372,8682
980176,8844
977222,8839
983177,8861
990179,8866
990182,8869
993171,8876
1001194,107
1001184,8894
1001174,8891
1003192,8899
1003190,8919
1009220,8939
1012521,9025
1016198,9028
1012497,9031
1012515,9032
1012488,9052
1016220,1358
1016211,9055
1016212,9056
966828,8696
964371,8697
966790,8705
964374,8712
977215,8720
966786,8726
966839,97
966812,8773
966779,8774
978174,8783
977233,8792
977212,8795
977265,101
977180,8819
977185,8825
977172,8829
977243,8796
977203,8800
977898,407
977252,417
977188,8808
966830,8732
966776,8737
966810,8739
966815,8740
966791,8742
966834,1313
966799,8751
977210,8764
970172,1319
977209,8775
1538769,1585
1542771,14869
1542774,14872
1549777,14892
1548815,14875
1552784,14887
1431893,1299
1431894,1300
1431883,1745
1431870,14239
1435834,14244
1435843,14248
1481784,1390
1481766,14431
1479764,14432
1481762,14436
1481907,1401
1527924,1401
1490786,1765
1484762,580
1485758,14456
1490802,14463
1490815,14476
1494768,1428
1493760,14497
1561769,14944
1555891,14944
1553775,14951
1448771,1349
1457764,1757
1457766,1356
1457767,1358
1457770,1361
1449763,1362
1482774,1395
1493763,14500
1493766,14503
1490785,14513
1490799,1436
1490817,14518
1490825,1774
1502880,1440
1496833,1448
1494765,1443
1496838,14539
1234409,1521
1234416,1521
1234419,1521
1234383,1521
1234397,1521
1234447,1521
1234459,1521
1236048,1523
1238259,11243
1238260,11245
1238257,11250
1234302,11256
1234304,11258
1235502,11259
1235507,11264
1234307,11275
1236056,720
1236057,721
1236246,11290
1234527,11277
1236245,11284
1236045,11293
1282297,11876
1282314,11881
1282315,11882
1280246,11873
1282316,11910
1285252,11902
1285262,1560
1287248,11935
1287250,11944
1287251,11945
1147285,10161
1147295,584
1147296,585
1148246,167
1147290,10179
1147315,10204
1154254,593
1147715,169
1153253,172
1147696,10226
1104278,9854
1104276,9862
1104285,9866
1104281,9886
1106250,9882
1106260,9889
1106245,9891
1107242,1430
1113561,9911
1113562,9914
1114300,9920
1118251,9944
1114291,9952
1118263,9954
1128406,158
1118264,9958
1118253,9960
1121247,9963
1157556,10285
1161243,10297
1160243,10296
1160248,10304
1160249,10305
1161277,10314
1163252,10318
1168266,10321
1163243,10329
1163245,10325
1163247,10340
1164480,606
1163263,10365
1055296,9643
1064288,1406
1064287,1410
1064255,9668
1064274,9686
1069243,9702
1076246,9708
1076249,1413
1088255,9744
1093248,1417
1183271,629
1193245,632
1182408,10585
1183278,640
1182409,10612
1183261,10632
1191245,10651
1191247,10660
1200279,210
1200255,10689
1200257,10692
1165252,1462
1164474,1469
1164475,1470
1164477,1472
1202256,10698
1201280,10704
1206262,10718
1102490,553
1022227,9086
1016195,9100
1016182,9094
1016202,9112
1017231,9124
1017238,9131
1017225,9136
1023229,9165
1026228,9180
1164479,1474
1166244,10382
1168270,612
1168268,609
1166243,10396
1170584,10399
1168263,10400
1168262,10436
1232297,1515
1234252,11213
1234268,708
1170603,10438
1168246,10457
1173244,10494
1173250,10506
1172244,10520
1172248,10524
1173251,10536
1173243,10534
1194247,10554
1173255,617
1177312,10561
1177306,10570
1177310,10576
1183262,10577
1183269,627
1181247,10583
1182407,10584
1210260,10823
1210281,229
1211259,231
1210258,10840
1210248,10845
1210262,10857
1206497,10860
1211247,10873
1211257,665
1214248,10887
1214244,10888
1213584,10895
1221251,10897
1214257,242
1213573,10899
1217256,10921
1217248,10922
1217253,10926
1215317,10934
1217258,247
1221248,10950
1287266,11934
1290267,11969
1292261,786
1287256,11981
1292251,12010
1294245,12005
1294247,12026
1300251,12038
1300252,12039
1306284,12043
1294252,12044
1300258,12047
1294258,12061
1300257,12062
1296245,12064
1296258,1571
1111242,9795
1094260,9794
1099250,149
1102483,1428
1104273,9839
1104275,9842
1102487,549
1242328,11449
1242356,11472
1244253,11474
1242371,11482
1244255,11489
1247311,11493
1248247,11512
1249261,11535
1249314,11544
1249315,11545
1248255,11549
1250297,11559
1249294,11562
1269251,11618
1249870,11632
1250317,11633
1249875,11625
1251254,11655
1255336,11668
1255244,348
1255350,350
1255351,351
1264583,11693
1255348,11701
1395758,11701
1039608,1388
1039614,483
1039610,489
1039604,9387
1039605,9388
1041256,9410
1041259,9422
1046249,9431
1043564,9435
1048282,9439
1048284,9448
1048293,1390
1051259,1392
1046244,9476
1122242,9981
1120246,9985
1125242,9999
1130246,10020
1132253,10014
1132255,10016
1130247,10030
1135243,10023
1237341,325
1237329,11299
1238247,11306
1238242,11308
1237243,11316
1242373,11354
1239797,329
1239789,11362
1239793,11373
1240276,11385
1240277,333
1242344,11426
1241269,11435
1306283,12081
1297250,379
1412764,12080
1304316,12092
1304294,12101
1298279,12096
1303253,12103
1299535,12105
1300253,12109
1300260,12111
1303270,796
1303254,12113
1304302,12121
1303274,801
1304248,12162
1304273,12138
1304274,12139
1304275,12140
1304256,12148
1303264,12156
1304265,12163
1304271,12169
1304304,12188
1304305,12189
1304293,12197
1306249,12214
1305555,12213
1305556,12215
1306251,12220
1309246,12229
1311266,12241
1234260,312
1234315,1521
1234317,1521
1234322,1521
1234423,1521
1234334,1521
1234336,1521
1234354,1521
1234369,1521
1234376,1521
1325800,12573
1330794,12574
1325823,1602
1325816,1602
1325810,1602
1325912,1602
1325903,1602
1325901,1602
1325875,1602
1325867,1602
1325858,1602
1325851,1602
1325915,1602
1325999,1602
1325982,1602
1325976,1602
1325970,1602
1325961,1602
1325956,1602
1325954,1602
1317273,12429
1318835,12440
1318848,412
1319223,12449
1320854,1584
1318913,827
1318821,12463
1318899,12484
1318895,12488
1318896,12489
1318907,12490
1320841,12510
1320843,12524
1320852,12537
1323762,12562
1321787,12555
1321779,12556
1321788,841
1311259,391
1314774,12263
1312720,12273
1313971,12309
1313740,12296
1313748,12314
1314766,12316
1314762,12319
1330826,12762
1330766,12777
1330790,12789
1330277,12806
1330275,12807
1331758,12811
1332758,438
1326771,12639
1360791,12916
1360765,12926
1360806,1643
1362762,12923
1360805,1644
1033253,9210
1031247,463
1030230,9217
1031255,472
1033376,9264
1033370,9269
1034261,9275
1034246,9278
1033267,9279
1034263,9288
1035249,9301
1039479,477
1039466,9298
1033362,9311
1336758,12819
1325944,1602
1325941,1602
1325936,1602
1325934,1602
1326047,1602
1326029,1602
1326023,1602
1326021,1602
1326016,1602
1326013,1602
1326006,1602
1328794,1607
1325788,12594
1326761,12616
1313975,12329
1313987,12327
1313978,12331
1313988,12334
1314011,12344
1314000,12346
1414767,1035
1414446,13767
1414775,13783
1339757,12824
1339759,12826
1350757,12847
1359772,864
1394322,13464
1394179,13475
1406798,13478
1397764,1687
1394303,13503
1394339,1689
1399768,13517
1325779,12632
1325808,418
1325801,12634
1326060,12650
1326085,12661
1328789,12668
1326093,12683
1328785,12701
1330777,12715
1328760,12712
1438996,14273
1438998,14279
1440826,14286
1440831,14282
1439001,14284
1446774,1338
1448767,1756
1457771,1348
1446764,14319
1366918,13023
1366952,13036
1366949,13046
1368757,898
1370776,13063
1366938,13070
1366941,13073
1369760,13080
1369763,13083
1370774,13099
1373758,13114
1416775,1075
1417791,13895
1417765,13908
1415366,1080
1417811,1092
1417812,1093
1420766,536
1420760,13966
1407034,13533
1407035,13534
1408068,13534
1407036,13535
1407037,13536
1406782,13553
1408053,13578
1406795,13559
1406790,13565
1406789,13567
1406774,13577
1406785,13596
1406776,13556
1406777,13615
1408056,13618
1408770,13625
1499790,14589
1505764,14599
1516760,14621
1516763,14625
1516776,14626
1515762,14629
1516780,1481
1516764,14631
1515763,1482
1515764,1483
1516783,1783
1380957,13200
1380969,13204
1380970,13207
1382037,13232
1380961,13217
1382760,13233
1380982,13235
1380987,13240
1380976,13243
1380980,13249
1380995,13255
1382046,13260
1380998,480
1382040,13263
1381760,1668
1382048,13284
1387787,13289
1382211,13299
1382193,13303
1382194,13304
1382200,13310
1382202,13312
1387826,13317
1387776,13321
1387794,13323
1387792,13327
1387829,13383
1387830,13384
1389058,13386
1421958,13997
1423814,1167
1421125,14019
1421137,14036
1527907,14747
1524897,1530
1527926,1533
1532929,1540
1532938,1547
1532940,1551
1527927,607
1414430,1021
1414444,13728
1414402,13730
1414409,13734
1414401,13742
1465763,14371
1479762,14383
1482769,1371
1481765,14394
1481763,14395
1476795,14404
1476797,14406
1482772,1384
1491758,1385
1604923,1900
1604908,15496
1604935,15504
1615041,1976
1615835,15641
1615850,15647
1615793,15649
1613106,1982
1614775,1984
1613097,15656
1613092,15659
1604922,1898
1607394,792
1607385,1900
1604952,1930
1607809,1925
1609773,1944
1609771,1945
1608991,15547
1609776,15560
1609775,15563
1563807,1665
1564780,741
1566780,1680
1566778,15045
1574064,15080
1582778,15101
1582782,15105
1582785,15109
1582768,15111
1581769,15124
1613068,15662
1429795,14164
1429241,14176
1429248,14177
1429245,1282
1429246,1283
1435826,14192
1435827,14193
1435819,14207
1435840,14209
1434059,14222
1360766,12872
1360771,12879
1360774,12887
1365782,1639
1360779,12899
1365773,12905
1360788,12909
1613088,15592
1613048,15598
1613051,15601
1611855,798
1613940,799
1613936,1952
1612770,15616
1048264,9453
1048259,9455
1048286,9457
1048305,135
1421097,1719
1421086,13978
1421074,544
1423807,1138
1421079,13976
1421959,1721
1421073,1135
1421965,13986
1421078,13983
1421964,13989
1204305,10740
1204308,10746
1202246,10757
1204312,227
1202250,10769
1202257,10770
1206246,10781
1210274,657
1206251,10807
1208246,10817
1206261,10820
1206243,10829
1213587,659
1314013,12355
1314017,12358
1314030,12360
1314036,12369
1320840,12377
1317271,12386
1316814,12397
1317260,12400
1317265,12403
1316820,398
1134267,1439
1132261,10040
1250282,11609
1253249,11615
1249323,11584
1218250,253
1217257,255
1221267,678
1221271,682
1221273,684
1221276,687
1221253,10969
1221286,10990
1223245,10996
1223246,10998
1222426,11003
1222278,11028
1222461,278
1222465,289
1224246,295
1224247,296
1225248,11046
1255339,11723
1262250,11738
1264577,11777
1264585,767
1264578,11784
1265250,11788
1269249,11800
1272257,771
1272266,360
1282301,11833
1272245,11841
1273245,11857
1232308,304
1231242,11140
1232288,11164
1232265,11175
1232290,11179
1232287,11183
1009195,8950
1015174,1332
1015172,1332
1009182,8955
1009248,432
1009249,433
1012545,1346
1009208,8982
1012494,8995
1012506,8990
1133242,10047
1134270,574
1134271,162
1141247,10049
1134259,10051
1141286,10061
1141242,10077
1141260,10085
1145244,10112
1141290,1451
1145253,10119
1141269,10095
1153245,10109
1141280,10111
1141263,10117
1141267,10130
1394182,13445
1393807,1682
1287283,367
1206268,646
1202245,10752
1424886,1185
1424871,14063
1424867,14067
1052550,9567
1052538,9578
1052544,9586
1052563,9600
1051254,9602
1052558,1405
1052535,9607
1056268,520
1055302,522
300000024114459,9615
1052632,9626
1056242,9634
1039281,1379
1036250,9316
1039287,128
1039609,481
1035245,9341
1330842,1623
1435811,14258
1436762,14258
1438912,14259
1435847,1316
1438906,1326
1408810,509
1411762,13670
1414421,13681
1411785,13690
1414428,1014
1414403,13691
1411788,13695
1411784,13702
1048296,1397
1048299,1401
1048258,9505
1048261,9507
1050253,9511
1050266,9523
1050271,9515
1050275,1404
1065247,9534
1498779,14564
1499761,14577
1499779,1461
1501758,1462
1414782,1705
1414788,13789
1417780,13793
1417779,13798
1415331,13823
1415344,13836
1415346,13838
1415964,13865
1416027,1708
1417763,13853
1416007,13857
1415317,13858
1415771,528
1415965,13871
1417795,1063
1393800,13420
1393761,953
1026230,9182
1033262,9187
1026244,9196
1026245,9197
1026237,9188
1027227,9202
1030241,1373
1093244,9748
1090244,9761
1096243,540
1096244,541
1093250,148
1095244,1418
1094242,9779
1094249,9786
1421113,1716
1518801,1488
1515773,1489
1519976,1489
1362763,12929
1362761,12944
1363762,12949
1365784,457
1365772,12967
1365785,458
1366900,12985
1366449,1648
1366901,13012
1366887,13018
1366909,13021
1515761,14640
1518800,1501
1519977,1502
1518786,14670
1426783,14103
1553787,737
1555872,1830
1554768,14958
1552787,1621
1554767,14910
1555897,1629
1555883,14969
1378759,13150
1379772,470
1379794,13152
1519987,14677
1518784,14681
1519964,14687
1426780,14108
1429769,14120
1429789,1229
1429783,1230
1429787,1234
1426852,1256
1427763,14129
1426824,14141
1426825,14142
1380954,13184
1518774,14690
1519992,1797
1519998,1515
1518794,1516
1519966,14694
1519969,14699
1524889,14701
1519994,1522
1522764,14742
1522765,14742
1551780,1609
1551774,14914
1554984,14937
1553783,1614
1586803,1785
1586802,15229
1589772,15257
1592790,15263
1592778,15276
1592794,766
1592789,15289
1591827,1811
1591828,1813
1591835,15308
1592822,15315
1592817,768
1592825,15330
1592829,15321
1592820,15329
1594065,1819
1594069,1820
1594066,1821
1592217,1873
1594073,15337
1581799,15119
1579966,15146
1581775,15148
1583047,15154
1581812,1730
1582881,1732
1579975,749
1533800,613
1532925,14829
1532912,14830
1536885,649
1536892,652
1536900,661
1536889,668
1536922,704
1536924,706
1536930,712
1536913,720
1536915,722
1536864,14853
1536947,683
1536946,685
1536870,14848
1579978,753
1581810,1748
1583232,15177
1582798,1760
1583233,15191
1583283,1771
1583776,761
1586789,15210
1583282,1775
1583370,1773
1587881,15221
1586787,15222
1586801,1783
1531854,14790
1531856,1557
1531853,14804
1533773,14809
1533786,1559
1533779,14817
1532920,14818
1532923,14821
1532928,1810
1532908,14839
1599014,782
1599094,15351
1599296,15355
1599092,15357
1599312,1837
1600970,15377
1601972,15369
1599104,1850
1603343,1879
1601930,15453
1603329,15456
1603358,787
1603350,1891
1603340,15473
1600974,15434
1599301,15436
1599307,1870
1601967,1876
1601936,15442
1601938,15446
1601957,1873
1601945,15448
1557973,14979
1558799,1633
1558785,1641
1558777,1644
1560776,15002
1560783,15019
1601944,15401
1601923,15416
1600969,15428
1633025,1929
1634022,15905
1633602,15935
1634487,15935
1633008,15897
1633645,15895
1633006,15900
1633029,2096
1633001,15906
1633603,1931
1631495,15834
1629416,15840
1631516,15853
1642754,2244
1642744,16264
1645310,2264
1681365,2283
1678237,16279
1683243,16281
1673286,16287
1679382,16304
1681364,2287
1615714,15766
1615713,15767
1617834,2040
1629427,2051
1631537,2053
1631512,15797
1629275,15808
1709239,16458
1708242,16461
1708264,2352
1712285,16464
1708263,2353
1680293,16319
1693239,16328
1683242,16325
1679374,16335
1683240,16340
1679372,16341
1686241,16342
1679373,16343
1679378,16345
1773345,2588
1773395,2590
1773329,16879
1773333,16883
1809734,2763
1811712,17326
1811713,17327
1812645,17329
1809738,2771
1813968,2774
1812650,2079
1812653,2776
1813970,2780
1812664,17353
1812679,2083
1802662,17223
1800327,17226
1799330,17229
1812655,17231
1834041,17459
1827061,2850
1825966,17460
1834051,2853
1830018,2855
1828975,17470
1828973,17473
1981293,18909
1978528,18912
1978795,18931
1984562,18945
1978560,1040
1984566,18960
1981301,2234
1985283,18987
1985297,18999
1985300,19002
1986280,19003
1986515,3795
1986277,19029
1986300,3810
1987568,3812
1987581,3820
1990284,19075
1835317,17561
1841101,2908
1880169,3145
1880050,3149
1880264,17924
1880048,17927
1880258,17934
1884640,17939
1884636,17943
1884654,3161
1884651,3165
1879002,3156
1882223,3157
1880164,2138
1955988,1001
1959979,18665
1956033,18671
1956030,1008
1963176,18675
1959975,3624
1962971,3634
1962164,18688
1962174,18695
1960982,18710
1963170,18714
1963174,18720
1822013,2815
1822016,2820
1822006,17416
1823091,2825
1829589,17425
1822060,17432
1827062,2835
1822212,17440
1827051,17445
1828979,2087
1825967,17448
1681359,16357
1686247,2299
1681374,16364
1681373,16368
1681361,16362
1687237,16369
1633589,15967
1633648,15965
1633596,15969
1633612,22
1633598,15975
1633632,15960
1637253,15989
1615513,15679
1615514,15685
1615866,1989
1615868,1991
1614776,1993
1615810,15711
1615814,15715
1615820,15722
1615822,15724
1615787,15728
1640582,16116
1640565,16124
1640560,16128
1640592,16132
1640570,16105
1708252,1977
1706241,16447
1642533,2226
1642745,16248
1770827,16820
1769160,2559
1769182,16823
1769155,2565
1773366,16832
1769176,16837
1769180,16846
1737259,1992
1743426,16584
1748241,16600
1777982,16982
1780567,2626
1777987,16997
1782637,16949
1777988,16993
1780550,17009
1780606,17025
1753268,1998
1793595,17149
1793598,17152
1794332,17153
1794334,17155
1794347,30
1798456,17196
1799334,17201
1799376,2714
1799355,17166
1799364,17172
1770247,2527
1770584,2539
1901272,18134
1897416,3280
1899973,18175
1899071,945
1902266,18204
1902974,3289
1902972,3291
1899983,2164
1901491,18220
1904162,3302
1902008,18223
1901498,3311
1782635,17038
1780605,17040
1782675,2642
1792362,17047
1780623,17049
1785424,2657
1782855,884
1780626,17069
1785414,17076
1914461,3382
1920035,18366
1914434,18371
1914415,18361
1914420,18372
1914422,18375
1914453,3387
1920030,18386
1914427,18391
1914470,3400
1914475,3412
1914474,3413
1836277,2097
1836284,2886
1836278,2098
1836400,17527
1836401,17529
1836466,2887
1836467,2888
1835136,17552
1836464,2891
1930970,3488
1929496,18482
1929499,18484
1940973,18508
1934970,18494
1937996,3498
1938004,3508
1938008,3512
1940988,18531
1847361,2105
1849988,17666
1856001,17675
1853983,5
1857966,3033
1870284,17768
1863045,912
1867055,17777
1863040,17782
1867059,3047
1863039,17783
1870293,3049
1863050,17786
1863051,17789
1870279,17805
1869155,17806
1875527,17862
1880053,919
1877972,17866
1875311,17873
1875317,3118
1880044,17901
1875680,3127
1877977,3130
1875683,3131
1877978,3132
1882211,17904
1883078,17914
1914484,18328
1914404,18345
1918009,18329
1914408,18334
1918020,18338
1914440,18343
1914132,962
1920042,3420
1920041,3421
1929497,18410
1928055,18412
1921397,3429
1921396,3434
1921404,3436
1921401,3440
1921394,18441
1928064,3455
1970362,18813
1972082,44
1972080,3704
1976375,18830
1971121,1020
1971129,1026
1985277,18840
1973340,3716
1975455,3720
1975288,18851
1978535,3735
1642015,16107
1642022,16114
1643414,16141
1639061,16146
1643411,16159
1643994,16154
1930050,3479
1928058,3471
1930056,973
1644010,2208
1643999,16201
1643775,2217
1643996,849
1643991,2222
1643981,16214
1643985,16221
1643975,16194
1642244,1958
1642246,1960
1642253,2192
1643997,16195
1643998,16196
1643767,16198
1770573,16760
1771326,16763
1770288,2529
1770276,16770
1687238,16406
1708246,1972
1773357,16892
1773369,2608
1777793,2619
1777920,2620
1781327,16966
1717244,2363
1712284,16479
1722417,2374
1735268,2384
1735240,16510
1735245,16517
1737899,16526
1737255,16530
1737256,16537
1852411,2985
1855130,2995
1855136,2995
1855140,2995
1855143,2995
1853977,3001
1863033,17733
1853973,3007
1855986,3009
1853968,2120
1855989,3012
1855984,3014
1858997,3022
1863980,17752
1863982,17754
1869166,17755
1867073,3019
1748242,16617
1751256,2426
1869505,17815
1873163,3074
1873996,3086
1874002,915
1875153,17856
1760569,2491
1760571,2492
1769573,16720
1769574,2507
1763568,16709
1769238,16717
1769708,16745
1769414,866
1880249,2144
1881284,3167
1884649,3169
1882219,3181
1883981,3187
1883071,17955
1883075,17961
1884644,3199
1883980,3203
1753467,16658
1753469,16660
1753471,16662
1758324,16664
1753489,2454
1753499,2475
1758323,16676
1758329,16677
1758342,2486
1885150,3218
1884587,18014
1884609,18020
1884595,18027
1886976,18058
1886229,18057
1773341,2574
1769148,16865
1886404,18062
1894469,18071
1889254,18102
1894452,18109
1894454,18121
1889548,18123
1901270,18131
1849283,2975
1852415,2968
1870289,17712
1855996,17723
1855999,17724
1901501,3316
1907049,3332
1902281,18255
1902280,18256
1902285,18260
1904138,2177
1884602,17975
1883083,3206
1883084,929
1884973,17988
1884635,17979
1884634,17980
1884597,17987
1884613,17990
1885142,17994
1904139,2178
1902293,3341
1902288,3343
1902396,3344
1904149,3345
1904146,3348
1902401,18283
1907051,3354
1907119,18296
1913287,3366
1913289,3367
1915027,18314
1912970,956
1913290,958
1889546,18126
1893969,938
1896071,18140
1901274,18145
1904131,18157
1962389,2217
1963422,18752
1965086,18761
1970342,18791
1970346,18796
1956035,18605
1950466,18610
1948807,18620
1956971,3578
1953971,3588
1955985,3587
1952971,3591
1953115,3597
1962169,18661
1962175,3649
1962289,18726
1962300,3662
1963164,18736
1962329,3664
1962315,3664
1962311,18742
1962380,18746
1974485,3740
1975290,18873
1978564,18862
1977304,3752
1981281,18888
1978531,3765
1976290,3757
1981289,18890
1974489,1037
1977321,1038
1976376,18899
1978555,3768
1977482,18915
1637262,2123
1637289,2125
1637287,2128
1637285,2130
1637272,2134
1637274,2148
1638088,16029
1638082,16030
1638083,16032
1638078,16041
1638326,16053
1638333,16063
1638331,16060
1638332,16062
1640250,16068
1640586,16073
1640593,16077
1733237,16544
1735249,16549
1737900,16552
1737237,2387
1735257,16554
1735271,2392
1737260,1991
1942969,18541
1941000,3534
1948817,18549
1947083,982
1947085,984
1953345,18563
1947971,18564
1949000,18565
1948150,18575
1948165,987
1948818,18596
1782908,2046
1782906,2048
1792375,2671
1783512,17082
1821999,17364
1821976,17376
1822002,17380
1821969,17401
1615864,2003
1616793,15753
1616799,2032
1615716,2031
1617828,15761
1841966,17591
1841105,2924
1848089,17606
1848090,17615
1845996,2935
1848109,17641
1788328,17107
1792364,17110
1792345,17123
1793602,2058
1792333,17127
1792340,17128
1803683,2077
1800332,888
1802667,2731
1806653,2734
1801743,17245
1802659,17252
1807235,17254
1802037,891
1806648,17263
1806642,17276
1807004,17287
1807005,17288
1808898,17289
1808896,2751
1807234,17293
1807042,17292
1807040,893
1811702,17310
1809687,17324
1809731,17325
1828984,2866
1835120,17488
1835119,17489
1835970,17506
14348,256
14294,258
14329,259
14363,260
14344,274
14474,278
14451,286
14454,286
15975,292
15977,294
14674,326
14578,334
14579,334
15982,334
15989,334
16049,340
9346,159
9348,159
9350,159
9352,159
9355,160
9356,160
12174,198
12177,201
9343,195
9360,206
9345,212
12156,213
9371,211
9369,211
14440,245
14368,262
14373,262
14398,267
14401,267
14333,267
14416,269
14343,271
14422,271
14431,272
14432,272
14435,272
14302,231
1884617,17999
1884620,18002
1899066,18151
1894464,3260
1914456,3377
4001,7
4017,9
4006,10
4012,16
4230,24
7043,46
4233,50
7044,71
7046,74
6491,98
7910,107
9224,120
9234,9
7891,144
7894,146
7895,146
7880,139
7922,170
11455,173
32013,656
35068,681
63056,684
29431,662
29432,663
35048,127
44728,678
35042,688
35047,694
35063,696
35064,696
43019,143
42058,720
42041,726
42043,726
42036,727
42020,739
44756,821
47503,839
44780,847
46213,195
46210,197
46211,198
47494,873
46220,877
47496,895
47495,896
48032,905
23422,101
23400,510
23374,516
23363,518
23408,521
24036,530
23395,532
23364,519
24013,523
24021,523
24022,525
24024,525
24026,525
24054,539
24057,540
24070,542
24072,543
47498,562
23502,548
24124,554
26424,574
24125,578
19367,400
20027,403
21356,80
19388,425
19393,426
19400,428
21158,446
21172,447
21174,447
21184,449
20013,440
20019,440
23398,452
21193,449
21203,449
21212,449
21238,451
21249,451
21252,451
21262,451
21266,451
20022,459
21349,462
21347,468
21352,93
21291,469
21301,469
21309,469
21310,469
21319,471
21327,471
21328,471
21331,471
21333,471
21335,471
21338,471
21339,471
21343,471
21368,476
21345,471
21283,472
22172,493
22170,493
22169,494
42056,748
66491,157
43378,771
42123,784
42079,770
42078,770
42150,786
42129,182
42131,184
44335,796
42152,804
44730,806
44744,810
44736,812
44760,832
26417,581
26423,592
47499,608
30186,624
27052,631
27053,635
30195,640
29420,654
16062,342
16066,342
16067,342
16075,342
17308,343
17310,343
17315,344
17321,345
17325,345
17329,345
17336,347
17337,347
17344,347
17345,347
17347,347
17348,347
14680,350
19375,353
16116,52
16118,54
16121,63
16079,361
19403,366
17363,373
17366,374
17370,374
17386,374
17429,380
17417,393
19380,394
17423,395
18018,402
18019,402
18020,402
68575,1297
68574,1297
68559,1320
72036,284
68557,1323
68570,1321
72027,1339
69204,1347
72024,1350
72033,1370
74573,1363
73126,1358
72029,1359
63025,1198
66497,1209
63080,1219
63067,1212
68146,258
66480,1225
66484,1232
65130,1238
65120,1242
65121,1243
66501,1254
68150,260
67211,1257
68147,267
68149,266
68153,272
73133,1276
68263,274
78175,1517
78169,1517
76855,1543
79202,1558
76870,1566
76851,1563
82344,327
82341,1579
82321,1581
82355,1604
82336,1610
53030,1012
53039,222
54024,1009
54707,1034
56062,224
56069,1058
56072,1061
66487,1065
66488,1066
66495,1110
59474,1119
59476,1126
63045,1134
61272,1131
61275,1136
63052,245
63047,1143
61277,242
62243,1181
62255,1188
63036,1189
48014,914
48040,917
48041,5
50014,927
51027,950
51040,951
51041,951
51043,951
51047,215
52028,961
51054,216
51050,968
51049,964
56028,976
54033,974
53032,982
56031,988
53038,220
73142,290
74470,1391
74493,1425
74478,1424
74545,1436
74577,1435
74578,1447
73650,1455
73651,1455
76160,1468
76177,300
78227,1489
77156,1494
78180,1520
78181,1521
78161,1514
82356,1615
83155,1617
83163,1628
83164,1635
84248,1644
86167,1660
87157,350
128195,2348
128426,2352
128409,2360
128415,2367
131188,2386
128413,2369
128411,2373
128412,2376
134162,2403
133357,2412
136248,2417
139170,2433
136255,455
136235,2399
118218,2212
119425,2222
119480,2230
119434,432
119430,2220
119432,2224
119479,2229
128203,436
121179,2247
121184,2256
123156,2261
121239,2264
121237,2266
121245,2274
124156,2279
124197,2283
124158,2284
128160,2301
128161,2303
124202,2307
124204,2300
128208,438
128207,443
124201,2304
128159,2308
128175,2316
128173,2334
108299,2096
110186,415
110196,2114
113172,2128
113158,2140
113157,2141
113182,426
113166,2152
115464,2186
119424,2209
117158,2195
105420,2006
104158,2013
104156,2018
106386,2044
106376,2036
106379,403
106394,2043
106387,2045
107156,2056
110171,2059
110163,2063
110164,2077
110188,412
110192,413
110199,2103
88180,1683
96278,357
92154,1691
91164,1692
91173,1698
91180,1702
96240,1717
96285,1736
96259,1735
96264,1758
96282,1759
96229,1796
96243,1784
101294,363
97162,1817
96292,1821
101167,1867
101179,1872
101270,1875
103538,378
103540,380
101283,1891
101251,1895
103503,1920
103502,1922
101293,10
101304,385
101305,386
101306,387
102602,1953
103507,1960
105335,1975
203161,2849
203164,523
218326,525
212176,2875
218300,2887
212163,2894
212173,2904
218303,2898
218302,2916
214157,2926
219166,2933
219176,2953
219157,2956
222160,2964
222165,2965
229159,2969
222158,2969
225158,2985
227172,2989
227165,3008
227195,3020
227215,545
184191,504
188159,2760
184172,2753
218294,2783
200170,2790
200163,2813
200166,2820
231161,3031
227194,3048
228159,3057
231172,3067
232549,3081
232556,3087
232561,3105
136162,2426
134529,464
134525,464
136177,2465
136249,2467
136238,2470
136240,2453
136172,2458
136176,2461
139168,2496
139163,2502
139181,2506
148157,2519
146164,2529
149157,2546
153202,2549
153212,2552
148172,2556
153215,2567
155170,2559
153203,2561
155165,2577
155174,2587
153204,2571
155179,2590
157157,2592
160160,2612
162164,2616
162168,486
163158,2617
163157,2628
160165,2639
162158,2649
164162,2651
171157,2657
174158,2658
165161,2671
170160,2672
170158,2686
189164,2697
170165,2698
170166,2704
250757,3444
250760,3441
250778,620
250767,621
253649,3457
253681,3499
253660,3501
253679,3489
253650,3493
253661,3508
253693,3512
253691,3514
253667,3534
247717,3332
248638,3340
250779,3346
249683,3367
249660,3368
249559,3375
249664,3379
249576,3402
250747,3423
250770,612
250754,3438
257173,632
260496,3615
259169,3625
258221,3635
260522,3639
260506,3654
260516,3658
263164,642
265172,3672
265174,3673
265175,3674
275163,3689
275166,3694
245015,3226
246651,3252
246665,3257
246747,3285
247690,3292
247668,3309
247684,3311
247694,3324
232568,3102
232573,3106
232581,3114
245229,3129
241686,3132
245020,561
244930,3143
245236,3137
241693,3147
245241,3155
245023,566
244948,568
244941,3179
245011,3186
246172,571
253671,3537
252231,3542
256473,3547
256170,3565
256169,3566
256188,625
256474,3575
256475,3576
256477,3580
256481,3584
256515,3592
487262,3592
256516,3592
256517,3592
259165,3600
257172,631
298194,3930
298171,3935
296210,3937
298183,3957
304173,3958
298193,3963
298176,3972
298174,3970
298185,3976
298189,3976
298190,3977
304161,3986
304171,4005
306160,4014
304183,4009
275169,3698
279168,3700
279188,3750
279200,3721
279166,3751
279167,3752
283166,3762
279175,3767
279191,3776
279204,3788
283209,3813
283192,3819
283176,3831
284168,3838
309187,4034
309195,4057
309196,4035
309189,4038
309174,4050
309176,4050
309207,4084
309220,4070
309237,694
309221,4078
309213,700
289187,3885
294175,3908
294169,3913
294179,683
327213,4241
327159,4272
327233,729
327166,4279
327183,4281
327199,4284
332159,4310
341172,4325
347173,4343
347182,4344
347178,4323
347188,4353
341169,4368
347195,753
341180,744
342166,4385
342168,4385
342169,4385
347168,4382
347186,4386
320190,4168
320178,4187
317239,4188
317242,4188
317244,4188
317245,4188
320187,4199
328161,4219
327204,4216
327203,4232
327163,4242
328173,721
327207,4253
327200,4270
324161,4271
348167,4405
347199,4409
352159,4420
351164,4433
349160,4437
356375,4446
356383,4467
352171,4457
356395,771
356363,4464
356352,4495
778206,4501
355469,776
309217,4088
313159,4100
320191,703
320160,4102
320161,4103
315162,4105
315165,4108
317246,4109
320194,706
315181,4120
315175,4136
315177,4138
320164,4159
317232,4155
406171,4902
406190,4918
406192,4925
415172,4970
423173,843
423172,844
423166,4982
423161,4988
424166,4994
430159,4992
424163,4998
424173,5001
424181,5012
424159,5014
430179,5018
423170,5021
430187,5042
430180,5046
430210,856
430212,859
430213,860
430194,5048
430186,5073
430167,5062
430164,5066
430178,5087
440170,5101
366175,4582
368164,789
366208,4609
366209,4610
366223,4616
366231,4624
366199,4640
374175,4658
379211,4647
372166,4650
374173,4663
374170,4670
447159,5158
447162,5162
448159,5162
447163,5162
453169,5180
474189,877
453159,5183
453162,5190
474181,5217
489200,5221
474177,5222
380175,4711
381173,4715
377176,4715
380179,4721
381164,4723
382161,4738
379230,4738
379233,4738
384159,4752
383161,4747
388176,4757
388178,4759
389159,4782
391159,4785
393173,4800
397271,4797
397274,4804
397277,4806
403450,820
356355,4484
355465,4526
355440,4519
355467,4533
361159,4541
366170,4574
366193,4562
366200,4573
375160,4579
366232,777
403402,4815
403369,4817
403397,4817
397309,824
397307,826
403379,4835
403389,4835
403383,4835
403377,4841
403371,4841
403376,4841
402161,4864
406162,4872
403291,4884
406178,832
406180,834
645180,6050
665205,1044
635166,6062
645169,6066
645208,62
645170,6072
620192,5931
616200,5948
616195,5949
621173,25
621171,5962
620195,5961
620168,5965
666174,41
623168,5983
627169,5995
493172,5402
504166,5426
524216,5427
516170,5455
505174,5433
505171,5435
505168,5442
506169,5450
506170,5451
512182,5464
524221,902
512188,5470
516167,5486
524181,5498
512199,919
512175,5514
512167,5531
540194,956
540200,956
540188,958
527181,5540
524194,5546
524195,5556
524187,5558
524225,967
524210,5564
474168,5236
475170,5245
487259,5252
475168,5248
489237,898
479269,5298
479268,5299
487267,900
489231,5307
489169,5331
489210,5336
489217,5348
489220,5350
489195,5370
489194,5371
487264,5364
550168,5662
559167,976
567170,5676
567182,987
573167,5702
645166,5703
586167,5705
601195,5709
586170,5724
631167,6021
631168,6025
665201,1035
645176,6035
645190,6044
645197,1038
645206,54
596166,5775
607197,5763
607183,5778
616175,5808
601175,5798
607207,5818
607184,5825
607212,1013
607214,1015
620177,5903
616187,5887
616181,5890
524211,5567
524171,5590
524174,5591
532176,5595
527188,5604
527186,5605
527169,5606
540179,5619
540169,5630
540181,5644
540180,5643
684200,1074
709180,6243
684175,6256
709178,6398
708200,6409
709196,1088
708193,6437
708195,6435
709167,6462
709194,6467
709202,6480
713166,6500
719169,6510
747272,1106
747203,6669
747201,6671
747239,6683
747182,6684
741166,6686
747251,6697
774209,1108
665206,1049
646185,1050
646181,1045
653166,6106
665171,6107
656169,80
665193,6124
665187,6125
665182,6148
665172,6146
665183,6161
684166,6218
684171,6225
678168,6228
684198,1067
737194,138
737170,6554
737210,146
737193,1094
737168,6560
737178,6564
747264,6572
737177,6566
738187,6570
737206,153
737208,154
737209,154
738193,6585
747231,6596
738200,6600
747229,6618
747249,6607
747197,6624
747194,6627
740166,6632
747222,6639
747212,6659
747207,6665
747269,1103
684207,127
709169,6299
704179,6325
704174,6320
704178,6340
699166,6345
704200,6371
704201,6372
704208,6381
705167,6385
760180,6835
759200,6840
760187,171
760173,6862
759180,6846
760177,6867
768175,6907
768169,6911
778234,6931
747232,6727
752209,6728
747230,6730
747247,6731
778248,6998
774176,7008
774213,1136
778265,7034
778218,7037
781179,7038
778211,7047
781195,187
781169,7066
781190,7071
781182,7081
781193,1139
781167,7095
782200,7101
782186,7107
782180,7134
782189,7122
782196,7129
782179,7134
781198,7139
781208,7143
781206,7145
781172,7151
781178,7154
782167,7162
794204,196
794211,203
790184,7174
786170,7190
786171,7191
794190,7182
794194,7182
790200,7205
790215,1146
790166,7222
794198,7199
794200,7201
794174,7228
794172,7230
796183,1159
790178,7247
790175,7249
794170,7252
796171,7263
796176,7277
796167,7280
803220,1160
803191,7293
747186,6739
752228,158
752201,6750
752196,6754
752180,6767
752221,1113
752211,6797
759191,6804
752218,6807
752186,6813
752182,6815
759181,6827
769172,6922
768184,6938
774206,1124
774198,6976
774197,6977
781170,6978
778204,6985
774190,6987
833186,7556
833185,7558
833180,7559
833169,7569
833187,7571
833174,7581
836175,7583
795343,7307
803187,7337
805170,7360
803179,7365
803178,7372
803168,7384
809166,7396
820166,7419
825190,7425
828258,7432
825215,7445
833201,7598
833199,7606
845170,7627
844190,7632
837171,7638
839166,7643
839168,7645
844179,7661
844180,7662
844185,7664
844196,7673
844172,7675
844169,7681
849504,7693
849462,7694
849471,7703
849460,7708
1008179,1199
862193,7712
1008174,1201
849513,7716
1008176,1202
825219,7446
828219,7450
825217,7451
825171,7471
828180,7483
828249,7494
833189,7499
828265,1176
828260,1178
828243,7524
833196,7530
833210,228
862259,7842
862448,7855
868173,276
868175,279
872190,7875
872191,7876
862465,7889
872185,7896
872175,7895
876224,1225
910216,297
872211,299
871350,7934
871340,7937
871343,7942
876207,7956
876216,7964
876186,7977
876179,7991
922472,8114
922478,8115
895171,8001
896181,1239
895183,1237
910203,8032
910200,8027
910212,8030
910198,8042
910221,313
910229,310
910233,46
910192,8061
910173,8064
910201,8070
910178,8085
910180,8086
849500,7720
849498,7720
849481,7723
849484,7739
849485,7739
849494,7739
855172,7770
862179,7788
855193,255
855195,259
862242,7800
862211,7798
862212,7798
862215,7798
862217,7798
872199,7802
855204,38
862185,7808
862224,7815
862195,7824
862194,7827
862257,268
872178,7902
872186,7904
872194,7919
932614,8136
932624,8144
932593,8147
932622,8148
932640,1244
932600,8165
932634,1246
932636,1248
958493,1298
958515,83
958534,8581
958540,8591
932617,8177
938391,8190
938421,55
938422,55
938418,328
938389,8226
953348,8365
948263,73
953300,8386
955736,8395
953307,8400
965181,8633
965234,395
965229,397
965230,397
965218,8625
965171,8646
965217,8652
965183,8661
965207,8650
956617,8477
958508,380
956643,8482
956653,78
956622,8481
958511,384
958477,8500
955734,8506
955735,8507
958479,8523
958462,8529
958458,8535
958483,8539
958471,8541
958447,8543
958432,8551
958504,1294
953315,8405
951438,76
953329,8412
958456,8425
956612,8450
938405,8231
945404,8253
945435,8250
945441,8250
945444,8250
945446,8250
945453,8250
945492,339
945432,8258
945482,1267
945428,8265
945471,8267
944997,63
945512,64
945420,8279
945472,8290
945523,8315
1027224,8327
944999,72
944994,8342
965193,8669
1009218,8942
977225,8837
1001195,105
992171,8872
1003174,8918
1001188,8913
1003179,8934
1009180,8928
1012544,1351
1012550,439
1012536,9040
1012538,9042
1012540,9046
1012541,9047
1017242,1359
965191,8702
966784,8706
964373,8710
966821,8711
977236,8776
977237,8779
977232,8777
977181,8820
977187,8826
977259,422
977248,1323
977901,411
977244,8835
966825,8731
966804,8733
966816,8741
966848,99
966807,8761
966808,8762
966846,1319
1539770,728
1542768,14868
1542772,14870
1549768,14876
1549773,1592
1551771,14883
1551782,1598
1548818,14897
1549783,1601
1555865,1819
1555867,1821
1438908,14233
1435845,14228
1431874,14238
1435835,14245
1482768,1402
1482764,14451
1490794,1416
1490809,14464
1492759,14466
1490820,14478
1490801,14495
1555856,14935
1555858,14939
1553779,14943
1446760,14321
1443758,14326
1457760,14329
1448769,1352
1448770,1355
1457769,1360
1457765,1758
1449760,14346
1449758,14350
1460881,14358
1462759,14362
1482773,1396
1490805,14511
1490806,14514
1493765,14502
1493767,14504
1493768,14505
1490804,14509
1490816,14517
1494770,587
1499773,1777
1494764,1444
1236050,1521
1234414,1521
1234341,1521
1234351,1521
1234371,1521
1234429,1521
1234437,1521
1234439,1521
1234445,1521
1234298,11225
1234279,11228
1246248,11243
1251249,11246
1238261,11246
1234301,11268
1236053,716
1236055,719
1236041,11289
1282305,11891
1282308,11890
1285253,11897
1285256,11905
1287284,365
1282307,11922
1287274,1561
1287249,11936
1145249,10156
1147313,10176
1154245,10174
1147289,10178
1148243,10192
1147304,10202
1148244,10205
1147705,10209
1153248,10223
1104284,9865
1111248,9902
1113563,9915
1111247,9907
1114306,9925
1118254,9948
1118249,9950
1153246,10237
1152496,10244
1154244,10249
1154257,10264
1190258,10256
1152499,10272
1157561,10283
1157555,10286
1163242,10327
1163257,10335
1161279,1457
1165249,1460
1055294,9644
1064284,9657
1064294,534
1064286,9684
1064263,9685
1065242,9691
1065244,9699
1076250,1414
1076251,1415
1081244,9716
1081242,9722
1090249,9747
1182406,10592
1182399,10597
1183277,638
1182396,10608
1191244,10650
1191246,10659
1200254,10677
1204342,10676
1201281,201
1200286,203
1200284,205
1200281,208
1200274,215
1200273,216
1200252,10690
1200251,10694
1200260,1481
1200261,1482
1200264,1485
1165254,1468
1164471,10379
1166242,10380
1168273,183
1200262,1487
1206266,1489
1200249,10696
1200247,10699
1201276,10708
1016215,9077
1016184,9089
1016178,9104
1017228,9114
1017233,9129
1017230,9134
1018493,9140
1018491,9143
1022226,9148
1166248,10384
1170586,10389
1168272,611
1168256,10393
1181248,10403
1168249,10415
1167242,10407
1170597,10426
1170582,10428
1170607,10473
1171291,10474
1170594,10478
1171288,10483
1172247,10523
1172255,10504
1172256,10507
1172251,10508
1172263,10514
1177321,191
1181245,10533
1173253,1475
1177308,10550
1181246,10552
1193243,10554
1174264,10559
1183280,619
1177313,10563
1181252,193
1177317,1477
1183268,626
1206534,10842
1210246,10843
1210251,10847
1210243,10849
1211254,10851
1211251,10853
1211246,10871
1211256,10877
1206536,10884
1214251,236
1214253,238
1217254,10891
1217251,10892
1213576,10902
1217242,10909
1213585,10916
1217245,10932
1221242,10936
1221266,10928
1221249,10951
1287272,11962
1292253,11986
1290274,11988
1294267,370
1292246,12011
1296254,12029
1294265,371
1294266,374
1292249,12031
1294261,1569
1296247,1570
1294254,12055
1111243,9796
1097243,9800
1094256,9802
1100246,9820
1102476,9828
1100245,9827
1102469,9836
1102486,548
1242333,11454
1243262,737
1242369,11474
1242372,11483
1245244,11485
1246252,339
1246261,11504
1251243,11499
1248243,11517
1249247,11526
1249250,11528
1249257,11536
1249243,11539
1250293,11555
1252243,11670
1253256,11665
1255335,11667
1253244,11673
1255342,11699
1255329,11706
1039613,485
1039601,9384
1041246,9407
1043560,9425
1043562,9430
1048304,132
1046251,9454
1046252,9456
1048248,9469
1134256,9992
1134257,9993
1132244,10012
1132245,10013
1130242,10029
1237242,1529
1237331,11301
1237339,11325
1237345,11347
1241261,11348
1239803,328
1239801,331
1242320,11363
1239787,11365
1242323,11368
1239783,11374
1242326,11375
1240271,11386
1239808,11394
1241247,11397
1242353,11399
1242334,730
1242358,733
1242336,11414
1242337,11415
1242339,11417
1306280,12078
1298283,12089
1298289,12090
1299537,12093
1299534,12104
1303258,12117
1301245,12118
1304277,12120
1303260,12136
1304250,12143
1304254,12146
1304255,12147
1304268,12166
1303633,12183
1304310,12195
1304311,12196
1304292,12198
1304325,12200
1304321,388
1305553,389
1307247,12222
1311263,12232
1311262,12250
1234263,315
1234326,1521
1234330,1521
1234421,1521
1234422,1521
1234335,1521
1234346,1521
1234379,1521
1234388,1521
1323759,12571
1325846,1602
1325844,1602
1325838,1602
1325832,1602
1325826,1602
1325820,1602
1325813,1602
1325905,1602
1325893,1602
1325868,1602
1325860,1602
1325854,1602
1325853,1602
1325850,1602
1325925,1602
1325922,1602
1325921,1602
1325918,1602
1325917,1602
1325913,1602
1326001,1602
1325998,1602
1325990,1602
1325981,1602
1325975,1602
1317276,12450
1317277,12452
1318846,834
1318844,835
1318817,12460
1318823,12465
1318920,12476
1321790,12493
1318900,12485
1320853,12504
1320824,12513
1320832,12509
1320858,12536
1321778,12552
1321777,12553
1321780,12558
1321784,12564
1314767,12268
1314768,12269
1314776,12271
1312717,12280
1313747,12284
1313745,12285
1312731,807
1312725,12260
1312716,12287
1313753,816
1313972,12310
1313739,12315
1330853,854
1330820,12756
1330829,12765
1330833,433
1330767,12778
1330831,12782
1330274,12808
1331760,12812
1336762,1632
1325799,12621
1326776,1615
1330774,12630
1326058,12642
1031251,468
1030232,9216
1031254,471
1034255,9226
1033368,9260
1033375,9261
1046248,9262
1046254,9266
1033369,9267
1033254,9251
1035247,9299
1034257,9296
1325946,1602
1326039,1602
1326031,1602
1326019,1602
1326015,1602
1326053,1602
1325806,845
1325775,12601
1325777,12610
1326762,12619
1375764,13121
1375765,13122
1382038,13131
1314005,12328
1313983,12322
1414425,1703
1414763,13759
1417786,13766
1414758,13771
1414773,13780
1414778,13782
1414776,13784
1414777,13785
1339758,12825
1345757,12838
1345760,12840
1349757,12846
1352759,12848
1394307,13458
1394173,13473
1394326,13479
1394314,13485
1394309,13487
1394189,498
1394191,501
1394318,13511
1325780,12637
1326769,12651
1326095,12664
1328773,12670
1328801,421
1328766,12620
1328761,12704
1328787,12709
1328769,12710
1439009,1328
1439014,576
1440894,1754
1440899,1340
1440896,1341
1460762,1346
1460760,14315
1366924,461
1366953,1650
1375757,13045
1366955,1653
1366956,1654
1370770,13092
1368761,903
1369772,904
1369775,907
1369783,911
1369784,912
1366940,13072
1366942,13074
1370768,13093
1416008,13884
1416767,1071
1415360,13907
1416759,13909
1415362,13910
1416773,1073
1417790,13896
1417768,13898
1416758,13921
1417816,1088
1417817,1085
1417814,1095
1417820,534
1418644,1712
1418643,13944
1419758,13951
1420758,13956
1420769,539
1421122,13963
1399778,13528
1401771,13536
1407040,13539
1406792,13563
1408038,13588
1406775,13601
1408789,987
1408767,13645
1408781,1695
1508763,588
1516767,14611
1516769,14613
1516770,14614
1516771,14615
1515768,14622
1518761,14637
1518790,1486
1380962,1666
1380984,13247
1380990,13242
1382049,13264
1382043,13273
1382045,13275
1381761,481
1382761,1670
1382057,484
1387788,13290
1382196,13306
1382205,13316
1387796,13319
1386759,13339
1387799,1674
1387814,13369
1387812,13373
1391866,1678
1421088,13998
1421141,14007
1421118,14011
1422797,14016
1421129,14033
1527762,14730
1527908,14754
1527911,14767
1527919,1536
1527014,605
1527922,1539
1532935,1542
1529858,14772
1530764,14782
1411793,1698
1411772,13709
1411792,1699
1414422,13712
1414438,1027
1412765,13717
1414404,13723
1465765,14373
1479765,14385
1479760,14388
1483758,14416
1481773,14419
1605784,1894
1604931,15486
1604932,15487
1604930,791
1604916,15488
1604920,15490
1604918,15491
1604907,15495
1604933,15507
1613084,15623
1613052,15626
1617830,15627
1614767,1907
1613062,15643
1613118,1978
1613130,804
1613123,805
1613107,1983
1614770,1910
1604934,15510
1604915,15512
1607378,15513
1607391,1917
1607386,1901
1604951,15527
1607813,1923
1607808,1926
1604961,15531
1609772,1940
1609777,15555
1609779,15557
1608994,15561
1564769,15042
1563799,15032
1564773,15037
1569921,1695
1570107,15066
1570119,1699
1573770,18
1579971,1711
1582779,15102
1579960,15130
1612769,15577
1611854,1906
1613067,15663
1613127,812
1429779,1266
1429780,1267
1429796,1741
1435836,14189
1435824,14190
1434058,14188
1360761,12874
1360801,12878
1359759,12882
1359774,448
1360767,12888
1360781,12901
1613091,15590
1613047,15595
1613927,15596
1613937,1954
1615861,1959
1615046,1968
1615047,1969
1615521,1957
1613117,1958
1046257,134
1048306,136
1048257,9490
1048254,9491
1050257,9477
1048268,9484
1421096,1720
1421153,1126
1421957,1142
1421081,1134
1421087,13996
1208242,10743
1208244,10744
1200463,10753
1206265,10767
1210253,10789
1210269,651
1210272,654
1210273,655
1206258,10798
1206263,10800
1206249,10805
1206257,10815
1314014,12354
1314760,12352
1314016,12357
1316016,397
1316013,12395
1314033,12364
1316817,12368
1317267,12383
1317269,12385
1317281,405
1317286,410
1134261,10042
1132247,10045
1134265,1445
1250279,11599
1250290,11601
1250284,11603
1250319,11608
1249317,11567
1249307,11579
1250285,11585
1249326,11586
1420763,13970
1218249,252
1218251,256
1222280,692
1221282,10986
1222269,10999
1222430,11007
1222431,11008
1222432,11039
1222434,11041
1222453,263
1222441,281
1222438,282
1222462,286
1224243,292
1225245,11070
1234244,11094
1232253,11095
1234277,11103
1258251,11710
1264580,11724
1263245,11732
1264245,11749
1258252,11753
1262252,1555
1264258,759
1265247,11780
1264582,11787
1269256,11795
1266247,11801
1275246,11820
1269252,11812
1269245,11818
1271275,11847
1271273,11855
1271282,11839
1234284,1502
1232304,300
1232264,11124
1234246,11162
1230243,11157
1232260,11168
1232294,11173
1234280,11200
1232279,11204
1009217,8952
1009232,1332
1009188,8956
1009203,8965
1009193,8969
1009186,8981
1009187,8983
1016213,9010
1012554,113
1134276,10052
1134275,10076
1141250,10091
1141273,10107
1141265,10108
1147693,10106
1393805,1680
1285264,781
1287270,11941
1287253,11946
1287279,782
1287278,1566
1287264,11955
1201282,226
1206260,10742
1202244,10748
1200467,10727
1423824,14057
1424866,14068
1426787,14074
1424891,1200
1050280,500
1051253,9547
1056258,9546
1051249,9552
1050252,9556
1065249,9576
1056261,504
1055303,509
1056264,510
1050264,9569
1052557,9575
1052547,9593
1051255,9605
1055301,517
1052554,9612
1056262,524
1052640,9624
1052567,9629
1052638,9630
1052568,9632
1056270,140
1036253,9323
1039286,1384
1036242,9335
1048303,129
1036254,9358
1039276,9375
1039274,9368
1330804,12725
1330807,12728
1330784,12772
1330772,12776
1435808,14258
1436763,1316
1435850,1314
1448765,14261
1438758,14263
1408811,13662
1411779,13677
1411781,13693
1048277,9489
1048272,9504
1050245,9512
1050265,9530
1016191,9067
1017229,9072
1012526,9061
1016181,9074
1016179,9078
1494771,14542
1496834,1452
1494774,14549
1494777,14552
1496839,1453
1499775,1780
1500908,14587
1500910,14587
1416012,13801
1415323,13815
1415324,13816
1415328,13820
1415334,13826
1415339,13831
1416022,13839
1415775,525
1417762,13851
1415772,529
1389766,13406
1390797,13412
1399781,955
1030237,1371
1027225,9204
1096245,538
1090248,9752
1088254,9757
1088248,9743
1094253,9758
1090252,9764
1106257,9770
1094261,542
1094243,9793
1518779,14646
1516777,14650
1362767,12937
1363772,456
1363768,12954
1365765,12969
1365762,12970
1365763,12977
1366886,12978
1366890,12999
1366891,13001
1370772,12986
1515766,593
1516791,1490
1518795,1496
1515772,1497
1426765,14078
1426798,1195
1424889,1203
1426772,1212
1425025,14087
1426790,1738
1426793,1222
1426797,1218
1426781,14090
1426789,14097
1555893,14944
1554770,14956
1554773,1622
1553919,1623
1555896,1630
1379796,13156
1380941,13157
1379807,1659
1519990,1792
1520003,599
1519999,1508
1518803,598
1518785,14682
1426785,14112
1429765,14116
1429772,14122
1429788,1237
1429791,1239
1425099,1240
1426826,14143
1429771,14154
1429773,1248
1379791,479
1379789,13171
1382190,13179
1379785,13181
1380949,13193
1519968,14698
1522771,14718
1522766,14744
1552781,14906
1551781,1611
1582878,14926
1554983,14936
1586796,15226
1592773,1863
1587870,15232
1587867,15240
1592774,1864
1589886,15249
1591848,1792
1589778,1804
1589780,1795
1592783,15292
1592784,15301
1591833,15306
1591834,15307
1592824,15326
1594072,771
1594767,15336
1579967,15133
1579976,748
1582787,15145
1581796,15149
1582773,15116
1581793,1727
1581805,15157
1533801,614
1533812,625
1533814,627
1533815,628
1533822,635
1533823,636
1533825,638
1533827,640
1533831,644
1536882,1578
1536887,653
1536896,657
1536936,690
1536942,695
1536929,711
1536910,717
1536914,721
1536868,14847
1581779,15173
1581791,1853
1582882,1764
1582879,15193
1583276,15196
1583772,1766
1586790,15212
1583365,1779
1583371,1782
1583354,1733
1579981,750
1579977,752
1529859,14794
1533777,14799
1533787,1558
1533770,14806
1533768,14813
1533784,1809
1599010,778
1599011,779
1601976,15361
1599309,1834
1599098,15382
1599105,1851
1599106,1853
1607387,1886
1603356,1888
1601966,1877
1558782,1637
1558784,1639
1558770,14990
1558767,14995
1558804,1832
1560779,15005
1560769,15008
1564767,15036
1603345,1883
1599299,15393
1601977,15395
1599294,15397
1599300,15419
1601929,15431
1600971,15409
1633012,15904
1633611,2100
1634039,2102
1633594,15928
1633020,1923
1631496,15892
1634043,833
1629281,15841
1629424,2066
1631531,2082
1645157,2251
1681366,2282
1673279,16297
1673278,16284
1677243,1966
1681369,2288
1631508,15819
1706248,16452
1708256,1982
1704238,16455
1708240,16465
1709242,16466
1677247,853
1677249,854
1773330,16880
1773331,16881
1773335,16885
1812667,2768
1812661,17328
1812652,2770
1813969,2775
1812640,17336
1812649,17341
1812696,17342
1811706,17344
1813966,17348
1812668,2784
1812671,2788
1812695,17350
1800331,2710
1796689,17213
1799336,2070
1802664,17225
1834044,17455
1823971,2849
1823970,2854
1827047,17467
1828985,2864
1981291,18926
1981299,2230
1979437,18934
1980337,18943
1980335,18946
1981306,2237
1984546,18965
1984550,18977
1984554,19013
1984558,19021
1985279,18972
1987566,19032
1986301,3811
1987565,3822
1835251,17560
1835249,898
1835318,17567
1841102,2906
1880170,3147
1880257,17935
1884652,3164
1882218,3154
1883068,17931
1879004,925
1956036,18560
1960243,18669
1960244,18670
1959974,3623
1962306,2208
1960990,18692
1963168,18702
1962304,2209
1963194,18704
1822018,896
1823090,2817
1827046,17423
1830967,17430
1830968,17431
1822032,2823
1821253,2831
1822213,17438
1822215,2836
1828980,2088
1679371,2297
1681367,2294
1681357,16360
1686252,2317
1634017,15946
1634018,15947
1634033,1939
1634016,15951
1633608,2106
1633652,15968
1633642,15982
1633634,2110
1634592,2112
1633646,15990
1615517,15691
1615798,15697
1615799,15698
1615801,15700
1615880,821
1640585,16088
1640580,16118
1640579,16119
1640578,16120
1640567,16122
1640566,16123
1640573,16097
1704246,2343
1708247,1978
1701458,16451
1642453,16235
1642449,2231
1770755,16811
1769140,16814
1769169,2551
1769171,2553
1769138,16822
1769157,2562
1769156,2563
1769154,2566
1769145,16830
1769152,2568
1769150,2571
1768936,2010
1737243,16579
1744237,16601
1739240,2414
1777918,2624
1779328,16972
1777983,16994
1753265,1995
1752245,26
1753506,2006
1793614,2065
1793599,17144
1794344,17158
1794346,2701
1796433,2706
1799370,2705
1799352,17169
1799351,17170
1799365,17171
1799346,17177
1799339,17184
1799360,17185
1799358,17186
1770279,16772
1770281,16773
1770264,16781
1769146,16791
1770832,16799
1771317,16806
1894446,18162
1904142,3267
1904155,3275
1907056,3284
1902261,18211
1902012,3297
1902010,18222
1901499,3313
1902291,3317
1901485,18229
1782632,17045
1782633,17046
1782850,17056
1785415,17057
1782669,17054
1785428,2664
1782848,17068
1918018,18351
1940991,18367
1914452,3386
1914421,18374
1914462,3390
1914473,3394
1914465,3405
1914476,3411
1835147,2881
1836408,17524
1836281,2884
1836554,17541
1836404,17532
1836406,17534
1836460,17555
1930992,18472
1930969,3489
1934969,18507
1937999,3501
1937211,18519
1940985,3519
1940978,18525
1940979,2195
1938010,978
1940981,3524
1940987,18527
1848111,2941
1848097,17637
1848119,2950
1850989,2953
1847358,2940
1852112,17671
1852113,17672
1853966,40
1870287,17764
1870285,17767
1867060,3040
1864022,3043
1863984,17775
1863043,2125
1864021,3046
1867057,2128
1867064,17793
1870209,3057
1869346,2131
1869171,3064
1884970,17868
1875307,3109
1885135,17890
1875461,17898
1877985,3134
1877977,3138
1877983,3141
1875687,17906
1914486,18332
1914459,3375
1914405,18346
1918014,18336
1914441,18342
1914130,960
1928052,18405
1928051,18414
1922997,3444
1928057,3449
1928060,3451
1924988,18450
1970350,18801
1970351,18802
1970354,18805
1969388,3697
1970348,18824
1972081,1014
1972090,18832
1971120,1019
1971122,1022
1973349,3715
1973341,3717
1975453,18843
1978549,3729
1642019,16112
1642020,16113
1642026,16158
1643423,2177
1643983,16164
1643426,2184
1643757,16174
1643422,2186
1642239,16182
1929972,2188
1929973,2190
1924159,970
1930043,18467
1643764,16208
1643776,2221
1643995,848
1643982,16222
1642243,16084
1642249,2195
1645140,16209
1770290,2522
1769711,2516
1770265,2523
1770273,16765
1693242,16380
1693243,2326
1692240,16383
1706245,16410
1693245,2330
1687240,16391
1709248,2329
1704242,16418
1693237,16419
1694240,16424
1701456,16433
1698392,2339
1708245,1971
1708248,1973
1773566,16897
1773402,875
1773361,16906
1773364,16907
1779337,16943
1777898,16946
1779339,16955
1777993,2621
1716237,1987
1712280,16480
1712287,2359
1717249,2367
1714240,2370
1719368,16495
1735250,16506
1735264,2376
1737246,16518
1735239,16520
1737266,16524
1737257,16525
1737894,16536
1852412,2984
1853978,2991
1855990,2995
1855129,2995
1855131,2995
1855118,2995
1855122,2995
1855127,2995
1855973,17734
1863034,17735
1855978,17741
1855977,17742
1867069,17759
1863990,3024
1867070,3025
1751247,16607
1751241,16619
1748243,16620
1741241,861
1869504,17822
1872151,17827
1873155,17824
1875149,17829
1877970,17835
1873153,17843
1884976,17851
1875155,2134
1875157,3102
1770260,16700
1770259,16701
1769255,2500
1769239,16710
1769576,16730
1769249,16740
1769707,16749
1771315,2513
1882226,3160
1885140,17944
1885149,17945
1882217,3180
1882967,17948
1882213,17950
1883977,3185
1883069,17952
1883070,17954
1883073,17957
1883061,17963
1883063,3194
1883983,3201
1753463,16654
1753500,2451
1753478,2456
1753488,2466
1753490,2467
1753494,2471
1753496,2473
1758338,2476
1760241,2478
1758328,16672
1758340,2485
1758343,2487
1760566,16688
1885127,18030
1884586,18016
1886236,3228
1886231,18037
1885143,18042
1769188,2020
1773551,2578
1769173,16853
1769174,16857
1886973,18060
1886980,38
1889251,18081
1897408,18085
1889248,18099
1897414,18103
1897412,18105
1889422,3243
1897410,18106
1889269,933
1894465,3250
1889547,18124
1849993,2962
1849090,2964
1849091,908
1850986,17691
1850987,17693
1849398,2116
1849395,17698
1852394,17701
1855998,17725
1855997,17726
1902278,18242
1907047,3329
1907050,3333
1902290,3334
1902993,18251
1902998,3322
1884351,17978
1884628,2154
1884600,17983
1886238,3207
1884631,3213
1904976,18266
1902400,18270
1902395,18273
1902394,18274
1904128,18280
1907052,18293
1907055,3214
1906343,950
1913288,3364
1930053,2180
1918021,18325
1918008,18327
1889545,18127
1893972,941
1893973,942
1889556,18137
1894447,18161
1963423,18750
1964070,18755
1969383,3682
1970331,3685
1970338,1012
1953109,18632
1955254,996
1953344,997
1955424,3607
1963182,3618
1962280,18699
1963165,18736
1963185,3657
1963187,3659
1963369,18603
1963196,3567
1965089,18743
1963192,3667
1974275,3742
1978544,3745
1978534,3748
1979412,18876
1979414,3750
1981282,18892
1977301,3766
1974490,1035
1976382,18897
1977485,18902
1977481,18916
1637255,15998
1637288,2127
1637267,2139
1637281,2141
1638077,16042
1638335,16057
1637379,16065
1640575,16076
1640602,840
1642028,1941
1642038,2161
1735248,16539
1735266,2386
1735270,2387
1735274,16558
1737258,16562
1739239,2403
1940999,18538
1941001,3535
1943969,18542
1962292,18552
1962294,18558
1948158,18561
1949154,3549
1947080,979
1947970,986
1948162,18569
1948416,3559
1948151,18576
1948423,18592
1948426,989
1948816,18591
1948809,18598
1963367,18601
1786327,2667
1792367,17099
1792369,17112
1789330,2681
1790330,17100
1788332,17104
1812676,2085
1813976,2791
1815212,2792
1813991,2795
1819032,2810
1822061,2805
1821198,2809
1822059,17388
1615865,2002
1616813,2005
1616796,15741
1616814,2010
1616797,2033
1616792,15764
1841967,17586
1848112,2927
1848085,17610
1848114,2929
1848113,2930
1848104,17618
1848078,17625
1848075,17647
1792346,2056
1792338,17124
1793603,2059
1792379,2688
1792366,17131
1792376,2693
1792371,17134
1792372,17136
1796439,17211
1800416,17237
1800417,17238
1802666,2730
1803056,17260
1808891,17282
1812663,17297
1811708,17299
1807174,17300
1809688,17301
1809691,17312
1809695,17322
1829588,17481
1831969,17482
1835974,2093
1834045,17505
1835978,2878
